id,eps_0,eps_1,eps_2,eps_3,sig_0,sig_1,sig_2,sig_3,q_0,q_1,q_2,q_3
argon,14352.040000,0.000000,0.000000,0.000000,11.155600,0.000000,0.000000,0.000000,0.000000,0.000000,0.000000,0.000000
benzene,9541.155000,20685.660000,30061.440000,32178.930000,111.177600,257.472000,359.424000,348.499200,0.108300,0.000000,-0.108300,-0.054150
butane,23440.000000,22264.000000,18032.000000,19208.000000,59.330000,90.455000,59.250000,28.125000,0.000000,0.000000,0.000000,0.000000
co,3256.290000,3256.200000,0.000000,0.000000,21.876800,21.683200,0.000000,0.000000,1.815842,-2.163200,0.347358,0.000000
co2,13211.000000,8532.000000,12482.000000,0.000000,26.445000,34.160000,18.605000,0.000000,0.735000,-0.980000,0.245000,0.000000
dmf,13924.368500,30576.394400,36829.566800,39137.531200,101.942120,212.013699,303.693093,289.784138,1.866216,-2.147346,-0.169217,0.604876
ethane,19208.000000,19208.000000,0.000000,0.000000,28.125000,28.125000,0.000000,0.000000,0.000000,0.000000,0.000000,0.000000
ethanol,20369.000000,17572.000000,18228.000000,0.000000,38.785400,53.483000,22.650000,0.000000,0.749450,-0.980000,0.230550,0.000000
h2,1346.890000,0.000000,0.000000,0.000000,8.749764,0.000000,0.000000,0.000000,1.314144,-1.314144,0.000000,0.000000
h2s,19884.000000,24400.000000,5000.000000,0.000000,25.460000,36.000000,12.500000,0.000000,0.264600,0.000000,-0.264600,0.000000
helium,118.810000,0.000000,0.000000,0.000000,6.969600,0.000000,0.000000,0.000000,0.000000,0.000000,0.000000,0.000000
heptane,29788.000000,34960.000000,30728.000000,26496.000000,106.137500,184.070000,152.865000,121.660000,0.000000,0.000000,0.000000,0.000000
krypton,26432.256400,0.000000,0.000000,0.000000,13.158031,0.000000,0.000000,0.000000,0.000000,0.000000,0.000000,0.000000
methane,21904.000000,0.000000,0.000000,0.000000,13.912900,0.000000,0.000000,0.000000,0.000000,0.000000,0.000000,0.000000
methanol,18253.000000,18228.000000,0.000000,0.000000,23.182900,22.650000,0.000000,0.000000,0.749450,-0.980000,0.230550,0.000000
n2,2592.000000,2592.000000,0.000000,0.000000,21.912200,21.912200,0.000000,0.000000,1.393944,-1.393944,0.000000,0.000000
nh3,34225.000000,0.000000,0.000000,0.000000,11.696400,0.000000,0.000000,0.000000,2.017200,0.000000,-2.017200,0.000000
octane,31904.000000,39192.000000,34960.000000,30728.000000,121.740000,215.275000,184.070000,152.865000,0.000000,0.000000,0.000000,0.000000
pentane,25556.000000,26496.000000,22264.000000,18032.000000,74.932500,121.660000,90.455000,59.250000,0.000000,0.000000,0.000000,0.000000
propane,21324.000000,18032.000000,19208.000000,0.000000,43.727500,59.250000,28.125000,0.000000,0.000000,0.000000,0.000000,0.000000
so2,30575.470000,29481.240000,4104.180000,0.000000,30.602500,42.600000,18.000000,0.000000,1.548738,-2.319858,0.771120,0.000000
xenon,51139.299600,0.000000,0.000000,0.000000,15.594601,0.000000,0.000000,0.000000,0.000000,0.000000,0.000000,0.000000
