id,site_i,label_i,site_j,label_j,origin
benzene,0,C_benz,1,C_benz,def
benzene,1,C_benz,2,C_benz,def
benzene,2,C_benz,3,C_benz,def
benzene,3,C_benz,4,C_benz,def
benzene,4,C_benz,5,C_benz,def
benzene,0,C_benz,5,C_benz,def
benzene,0,C_benz,6,H_benz,def
benzene,1,C_benz,7,H_benz,def
benzene,2,C_benz,8,H_benz,def
benzene,3,C_benz,9,H_benz,def
benzene,4,C_benz,10,H_benz,def
benzene,5,C_benz,11,H_benz,def
butane,0,CH3_sp3,1,CH2_sp3,def
butane,1,CH2_sp3,2,CH2_sp3,def
butane,2,CH2_sp3,3,CH3_sp3,def
co,0,O_co,1,C_co,def
co,1,C_co,2,M_co,def
co2,0,O_co2,1,C_co2,def
co2,1,C_co2,2,O_co2,def
dmf,0,C_3dmf,1,N_dmf,def
dmf,0,C_3dmf,5,H_dmf,def
dmf,0,C_3dmf,6,H_dmf,def
dmf,0,C_3dmf,7,H_dmf,def
dmf,1,N_dmf,2,C_3dmf,def
dmf,1,N_dmf,3,C_2dmf,def
dmf,2,C_3dmf,8,H_dmf,def
dmf,2,C_3dmf,9,H_dmf,def
dmf,2,C_3dmf,10,H_dmf,def
dmf,3,C_2dmf,4,O_dmf,def
dmf,3,C_2dmf,11,H_1dmf,def
ethane,0,CH3_sp3,1,CH3_sp3,def
ethanol,0,CH3_sp3,1,CH2_alc,def
ethanol,1,CH2_alc,2,O_alc,def
ethanol,2,O_alc,3,H_alc,def
h2,0,H_h2,1,H_com,def
h2,1,H_com,2,H_h2,def
h2,0,H_h2,2,H_h2,added
h2s,0,S_S,1,H_S,def
h2s,0,S_S,2,H_S,def
h2s,0,S_S,3,M_S,def
heptane,0,CH3_sp3,1,CH2_sp3,def
heptane,1,CH2_sp3,2,CH2_sp3,def
heptane,2,CH2_sp3,3,CH2_sp3,def
heptane,3,CH2_sp3,4,CH2_sp3,def
heptane,4,CH2_sp3,5,CH2_sp3,def
heptane,5,CH2_sp3,6,CH3_sp3,def
methanol,0,CH3_alc,1,O_alc,def
methanol,1,O_alc,2,H_alc,def
n2,0,N_n2,1,N_com,def
n2,1,N_com,2,N_n2,def
n2,0,N_n2,2,N_n2,added
nh3,0,N_nh3,1,H_nh3,def
nh3,0,N_nh3,2,H_nh3,def
nh3,0,N_nh3,3,H_nh3,def
nh3,0,N_nh3,4,M_nh3,def
octane,0,CH3_sp3,1,CH2_sp3,def
octane,1,CH2_sp3,2,CH2_sp3,def
octane,2,CH2_sp3,3,CH2_sp3,def
octane,3,CH2_sp3,4,CH2_sp3,def
octane,4,CH2_sp3,5,CH2_sp3,def
octane,5,CH2_sp3,6,CH2_sp3,def
octane,6,CH2_sp3,7,CH3_sp3,def
pentane,0,CH3_sp3,1,CH2_sp3,def
pentane,1,CH2_sp3,2,CH2_sp3,def
pentane,2,CH2_sp3,3,CH2_sp3,def
pentane,3,CH2_sp3,4,CH3_sp3,def
propane,0,CH3_sp3,1,CH2_sp3,def
propane,1,CH2_sp3,2,CH3_sp3,def
so2,0,S_so2,1,O_so2,def
so2,0,S_so2,2,O_so2,def
so2,0,S_so2,3,M_so2,def
