id,descriptor,value,unit,source,verify_at,cross_check,note
argon,Tc_K,150.687,K,"reference EOS: Tegeler, Span, Wagner, J. Phys. Chem. Ref. Data 28, 779-850 (1999), doi:10.1063/1.556037",http://www.coolprop.org/fluid_properties/fluids/Argon.html (CoolProp page: 'Critical point temperature'),,
argon,Pc_MPa,4.86300,MPa,"reference EOS: Tegeler, Span, Wagner, J. Phys. Chem. Ref. Data 28, 779-850 (1999), doi:10.1063/1.556037",http://www.coolprop.org/fluid_properties/fluids/Argon.html (CoolProp page: 'Critical point pressure' (Pa)),,
argon,TM_K,83.806,K,"reference EOS: Tegeler, Span, Wagner, J. Phys. Chem. Ref. Data 28, 779-850 (1999), doi:10.1063/1.556037",http://www.coolprop.org/fluid_properties/fluids/Argon.html (CoolProp page: 'Triple point temperature'),NIST WebBook Tfus 83.8 K; Ttriple 83.78-83.8 K: https://webbook.nist.gov/cgi/cbook.cgi?ID=C7440371&Mask=4,ASSUMPTION: triple-point temperature used as the melting point (differs from the 1 atm value by << 0.1 K).
argon,TB_K,87.302,K,"reference EOS: Tegeler, Span, Wagner, J. Phys. Chem. Ref. Data 28, 779-850 (1999), doi:10.1063/1.556037","http://www.coolprop.org/fluid_properties/fluids/Argon.html (EOS saturation temperature at 101325 Pa: CoolProp.PropsSI('T','P',101325,'Q',0,'Argon'))",NIST WebBook Tboil 87.28 K (Gosman et al. 1969): https://webbook.nist.gov/cgi/cbook.cgi?ID=C7440371&Mask=4,
argon,omega,-0.00219,-,"reference EOS: Tegeler, Span, Wagner, J. Phys. Chem. Ref. Data 28, 779-850 (1999), doi:10.1063/1.556037",http://www.coolprop.org/fluid_properties/fluids/Argon.html (CoolProp page: 'Acentric factor'),,
argon,M_g_mol,39.94800,g/mol,"reference EOS: Tegeler, Span, Wagner, J. Phys. Chem. Ref. Data 28, 779-850 (1999), doi:10.1063/1.556037",http://www.coolprop.org/fluid_properties/fluids/Argon.html (CoolProp page: 'Molar mass' (kg/mol)),,
benzene,Tc_K,562.020,K,"reference EOS: Thol, Lemmon, Span, High Temp.-High Press. 41, 81-97 (2012)",http://www.coolprop.org/fluid_properties/fluids/Benzene.html (CoolProp page: 'Critical point temperature'),,
benzene,Pc_MPa,4.90629,MPa,"reference EOS: Thol, Lemmon, Span, High Temp.-High Press. 41, 81-97 (2012)",http://www.coolprop.org/fluid_properties/fluids/Benzene.html (CoolProp page: 'Critical point pressure' (Pa)),,
benzene,TM_K,278.674,K,"reference EOS: Thol, Lemmon, Span, High Temp.-High Press. 41, 81-97 (2012)",http://www.coolprop.org/fluid_properties/fluids/Benzene.html (CoolProp page: 'Triple point temperature'),,ASSUMPTION: triple-point temperature used as the melting point (differs from the 1 atm value by << 0.1 K).
benzene,TB_K,353.216,K,"reference EOS: Thol, Lemmon, Span, High Temp.-High Press. 41, 81-97 (2012)","http://www.coolprop.org/fluid_properties/fluids/Benzene.html (EOS saturation temperature at 101325 Pa: CoolProp.PropsSI('T','P',101325,'Q',0,'Benzene'))",NIST WebBook Tboil 353.3 +/- 0.1 K (avg): https://webbook.nist.gov/cgi/cbook.cgi?ID=C71432&Mask=4,
benzene,omega,0.21084,-,"reference EOS: Thol, Lemmon, Span, High Temp.-High Press. 41, 81-97 (2012)",http://www.coolprop.org/fluid_properties/fluids/Benzene.html (CoolProp page: 'Acentric factor'),,
benzene,M_g_mol,78.11180,g/mol,"reference EOS: Thol, Lemmon, Span, High Temp.-High Press. 41, 81-97 (2012)",http://www.coolprop.org/fluid_properties/fluids/Benzene.html (CoolProp page: 'Molar mass' (kg/mol)),,
butane,Tc_K,425.125,K,"reference EOS: Buecker, Wagner, J. Phys. Chem. Ref. Data 35, 929-1019 (2006), doi:10.1063/1.1901687",http://www.coolprop.org/fluid_properties/fluids/n-Butane.html (CoolProp page: 'Critical point temperature'),,
butane,Pc_MPa,3.79600,MPa,"reference EOS: Buecker, Wagner, J. Phys. Chem. Ref. Data 35, 929-1019 (2006), doi:10.1063/1.1901687",http://www.coolprop.org/fluid_properties/fluids/n-Butane.html (CoolProp page: 'Critical point pressure' (Pa)),,
butane,TM_K,134.895,K,"reference EOS: Buecker, Wagner, J. Phys. Chem. Ref. Data 35, 929-1019 (2006), doi:10.1063/1.1901687",http://www.coolprop.org/fluid_properties/fluids/n-Butane.html (CoolProp page: 'Triple point temperature'),,ASSUMPTION: triple-point temperature used as the melting point (differs from the 1 atm value by << 0.1 K).
butane,TB_K,272.660,K,"reference EOS: Buecker, Wagner, J. Phys. Chem. Ref. Data 35, 929-1019 (2006), doi:10.1063/1.1901687","http://www.coolprop.org/fluid_properties/fluids/n-Butane.html (EOS saturation temperature at 101325 Pa: CoolProp.PropsSI('T','P',101325,'Q',0,'n-Butane'))",NIST WebBook Tboil 273 +/- 1 K (avg): https://webbook.nist.gov/cgi/cbook.cgi?ID=C106978&Mask=4,
butane,omega,0.20081,-,"reference EOS: Buecker, Wagner, J. Phys. Chem. Ref. Data 35, 929-1019 (2006), doi:10.1063/1.1901687",http://www.coolprop.org/fluid_properties/fluids/n-Butane.html (CoolProp page: 'Acentric factor'),,
butane,M_g_mol,58.12220,g/mol,"reference EOS: Buecker, Wagner, J. Phys. Chem. Ref. Data 35, 929-1019 (2006), doi:10.1063/1.1901687",http://www.coolprop.org/fluid_properties/fluids/n-Butane.html (CoolProp page: 'Molar mass' (kg/mol)),,
co,Tc_K,132.860,K,"reference EOS: Lemmon, Span, J. Chem. Eng. Data 51, 785-850 (2006), doi:10.1021/je050186n",http://www.coolprop.org/fluid_properties/fluids/CarbonMonoxide.html (CoolProp page: 'Critical point temperature'),,
co,Pc_MPa,3.49819,MPa,"reference EOS: Lemmon, Span, J. Chem. Eng. Data 51, 785-850 (2006), doi:10.1021/je050186n",http://www.coolprop.org/fluid_properties/fluids/CarbonMonoxide.html (CoolProp page: 'Critical point pressure' (Pa)),,
co,TM_K,68.160,K,"reference EOS: Lemmon, Span, J. Chem. Eng. Data 51, 785-850 (2006), doi:10.1021/je050186n",http://www.coolprop.org/fluid_properties/fluids/CarbonMonoxide.html (CoolProp page: 'Triple point temperature'),,ASSUMPTION: triple-point temperature used as the melting point (differs from the 1 atm value by << 0.1 K).
co,TB_K,81.638,K,"reference EOS: Lemmon, Span, J. Chem. Eng. Data 51, 785-850 (2006), doi:10.1021/je050186n","http://www.coolprop.org/fluid_properties/fluids/CarbonMonoxide.html (EOS saturation temperature at 101325 Pa: CoolProp.PropsSI('T','P',101325,'Q',0,'CarbonMonoxide'))",NIST WebBook Tboil 81.63 K (Mullins et al. 1963): https://webbook.nist.gov/cgi/cbook.cgi?ID=C630080&Mask=4,
co,omega,0.04970,-,"reference EOS: Lemmon, Span, J. Chem. Eng. Data 51, 785-850 (2006), doi:10.1021/je050186n",http://www.coolprop.org/fluid_properties/fluids/CarbonMonoxide.html (CoolProp page: 'Acentric factor'),,
co,M_g_mol,28.01010,g/mol,"reference EOS: Lemmon, Span, J. Chem. Eng. Data 51, 785-850 (2006), doi:10.1021/je050186n",http://www.coolprop.org/fluid_properties/fluids/CarbonMonoxide.html (CoolProp page: 'Molar mass' (kg/mol)),,
co2,Tc_K,304.128,K,"reference EOS: Span, Wagner, J. Phys. Chem. Ref. Data 25, 1509-1596 (1996), doi:10.1063/1.555991",http://www.coolprop.org/fluid_properties/fluids/CarbonDioxide.html (CoolProp page: 'Critical point temperature'),,
co2,Pc_MPa,7.37730,MPa,"reference EOS: Span, Wagner, J. Phys. Chem. Ref. Data 25, 1509-1596 (1996), doi:10.1063/1.555991",http://www.coolprop.org/fluid_properties/fluids/CarbonDioxide.html (CoolProp page: 'Critical point pressure' (Pa)),,
co2,TM_K,216.592,K,"reference EOS: Span, Wagner, J. Phys. Chem. Ref. Data 25, 1509-1596 (1996), doi:10.1063/1.555991",http://www.coolprop.org/fluid_properties/fluids/CarbonDioxide.html (CoolProp page: 'Triple point temperature'),NIST WebBook Ttriple 216.58 K (Marsh 1987): https://webbook.nist.gov/cgi/cbook.cgi?ID=C124389&Mask=4,ASSUMPTION: triple-point temperature used as the melting point (differs from the 1 atm value by << 0.1 K).
co2,TB_K,194.686,K,"sublimation point of CO2 at 101325 Pa, ITS-90 fixed-point compilation (1996BED: 194.686 K; 1966BAR: 194.685 K)",https://its90.nist.gov/FixedpointAll/276/2,,ASSUMPTION: CO2 has no normal boiling point (solid sublimes at 1 atm); the sublimation temperature is used. The EOS saturation line extrapolated to 1 atm (185.1 K) is unphysical and not used.
co2,omega,0.22394,-,"reference EOS: Span, Wagner, J. Phys. Chem. Ref. Data 25, 1509-1596 (1996), doi:10.1063/1.555991",http://www.coolprop.org/fluid_properties/fluids/CarbonDioxide.html (CoolProp page: 'Acentric factor'),,
co2,M_g_mol,44.00980,g/mol,"reference EOS: Span, Wagner, J. Phys. Chem. Ref. Data 25, 1509-1596 (1996), doi:10.1063/1.555991",http://www.coolprop.org/fluid_properties/fluids/CarbonDioxide.html (CoolProp page: 'Molar mass' (kg/mol)),,
dmf,Tc_K,649.600,K,"NIST WebBook, Tc = 649.6 K (Teja and Anselme 1990, uncertainty 0.6 K)",https://webbook.nist.gov/cgi/cbook.cgi?ID=C68122&Mask=4,,
dmf,Pc_MPa,4.42000,MPa,"Perry's Chemical Engineers' Handbook (8th ed.), table of critical constants and acentric factors (DIPPR values); same value as used in the GCMC molecule definition",,,"CHECK: not verifiable online here. stenutz.eu lists 44.2 'atm' (= 4.479 MPa); 44.2 bar = 4.42 MPa, so the two likely differ only in the unit label."
dmf,TM_K,212.700,K,"NIST WebBook, Tfus = 212.7 K (Dreisbach 1955, uncertainty 0.02 K)",https://webbook.nist.gov/cgi/cbook.cgi?ID=C68122&Mask=4,,Normal melting point (no EOS).
dmf,TB_K,426.000,K,"NIST WebBook, Tboil = 426 +/- 1 K (average of 8 values)",https://webbook.nist.gov/cgi/cbook.cgi?ID=C68122&Mask=4,,
dmf,omega,0.31770,-,"Perry's Chemical Engineers' Handbook (8th ed.), table of critical constants and acentric factors (DIPPR values); same value as used in the GCMC molecule definition",,,Confirmed against Perry's by Fernando (2026-09-16). Not verifiable online here.
dmf,M_g_mol,73.09380,g/mol,"NIST WebBook, molecular weight of C3H7NO",https://webbook.nist.gov/cgi/cbook.cgi?ID=C68122&Mask=4,,
ethane,Tc_K,305.322,K,"reference EOS: Buecker, Wagner, J. Phys. Chem. Ref. Data 35, 205-266 (2006), doi:10.1063/1.1859286",http://www.coolprop.org/fluid_properties/fluids/Ethane.html (CoolProp page: 'Critical point temperature'),,
ethane,Pc_MPa,4.87220,MPa,"reference EOS: Buecker, Wagner, J. Phys. Chem. Ref. Data 35, 205-266 (2006), doi:10.1063/1.1859286",http://www.coolprop.org/fluid_properties/fluids/Ethane.html (CoolProp page: 'Critical point pressure' (Pa)),,
ethane,TM_K,90.368,K,"reference EOS: Buecker, Wagner, J. Phys. Chem. Ref. Data 35, 205-266 (2006), doi:10.1063/1.1859286",http://www.coolprop.org/fluid_properties/fluids/Ethane.html (CoolProp page: 'Triple point temperature'),NIST WebBook Tfus 89.2 K (Timmermans 1935); Ttriple 91 +/- 6 K (avg): https://webbook.nist.gov/cgi/cbook.cgi?ID=C74840&Mask=4,ASSUMPTION: triple-point temperature used as the melting point (differs from the 1 atm value by << 0.1 K).
ethane,TB_K,184.569,K,"reference EOS: Buecker, Wagner, J. Phys. Chem. Ref. Data 35, 205-266 (2006), doi:10.1063/1.1859286","http://www.coolprop.org/fluid_properties/fluids/Ethane.html (EOS saturation temperature at 101325 Pa: CoolProp.PropsSI('T','P',101325,'Q',0,'Ethane'))",NIST WebBook Tboil 184.6 +/- 0.6 K (avg of 23): https://webbook.nist.gov/cgi/cbook.cgi?ID=C74840&Mask=4,
ethane,omega,0.09900,-,"reference EOS: Buecker, Wagner, J. Phys. Chem. Ref. Data 35, 205-266 (2006), doi:10.1063/1.1859286",http://www.coolprop.org/fluid_properties/fluids/Ethane.html (CoolProp page: 'Acentric factor'),,
ethane,M_g_mol,30.06904,g/mol,"reference EOS: Buecker, Wagner, J. Phys. Chem. Ref. Data 35, 205-266 (2006), doi:10.1063/1.1859286",http://www.coolprop.org/fluid_properties/fluids/Ethane.html (CoolProp page: 'Molar mass' (kg/mol)),,
ethanol,Tc_K,514.709,K,"reference EOS: Schroeder, Penoncello, Schroeder, J. Phys. Chem. Ref. Data 43, 043102 (2014), doi:10.1063/1.4895394",http://www.coolprop.org/fluid_properties/fluids/Ethanol.html (CoolProp page: 'Critical point temperature'),,
ethanol,Pc_MPa,6.26791,MPa,"reference EOS: Schroeder, Penoncello, Schroeder, J. Phys. Chem. Ref. Data 43, 043102 (2014), doi:10.1063/1.4895394",http://www.coolprop.org/fluid_properties/fluids/Ethanol.html (CoolProp page: 'Critical point pressure' (Pa)),,
ethanol,TM_K,159.100,K,"reference EOS: Schroeder, Penoncello, Schroeder, J. Phys. Chem. Ref. Data 43, 043102 (2014), doi:10.1063/1.4895394",http://www.coolprop.org/fluid_properties/fluids/Ethanol.html (CoolProp page: 'Triple point temperature'),,ASSUMPTION: triple-point temperature used as the melting point (differs from the 1 atm value by << 0.1 K).
ethanol,TB_K,351.570,K,"reference EOS: Schroeder, Penoncello, Schroeder, J. Phys. Chem. Ref. Data 43, 043102 (2014), doi:10.1063/1.4895394","http://www.coolprop.org/fluid_properties/fluids/Ethanol.html (EOS saturation temperature at 101325 Pa: CoolProp.PropsSI('T','P',101325,'Q',0,'Ethanol'))",NIST WebBook Tboil 351.5 +/- 0.2 K (avg): https://webbook.nist.gov/cgi/cbook.cgi?ID=C64175&Mask=4,
ethanol,omega,0.64400,-,"reference EOS: Schroeder, Penoncello, Schroeder, J. Phys. Chem. Ref. Data 43, 043102 (2014), doi:10.1063/1.4895394",http://www.coolprop.org/fluid_properties/fluids/Ethanol.html (CoolProp page: 'Acentric factor'),,
ethanol,M_g_mol,46.06844,g/mol,"reference EOS: Schroeder, Penoncello, Schroeder, J. Phys. Chem. Ref. Data 43, 043102 (2014), doi:10.1063/1.4895394",http://www.coolprop.org/fluid_properties/fluids/Ethanol.html (CoolProp page: 'Molar mass' (kg/mol)),,
h2,Tc_K,33.144,K,"reference EOS: Leachman, Jacobsen, Penoncello, Lemmon, J. Phys. Chem. Ref. Data 38, 721-748 (2009), doi:10.1063/1.3160306 (normal hydrogen)",http://www.coolprop.org/fluid_properties/fluids/Hydrogen.html (CoolProp page: 'Critical point temperature'),,
h2,Pc_MPa,1.29636,MPa,"reference EOS: Leachman, Jacobsen, Penoncello, Lemmon, J. Phys. Chem. Ref. Data 38, 721-748 (2009), doi:10.1063/1.3160306 (normal hydrogen)",http://www.coolprop.org/fluid_properties/fluids/Hydrogen.html (CoolProp page: 'Critical point pressure' (Pa)),,
h2,TM_K,13.957,K,"reference EOS: Leachman, Jacobsen, Penoncello, Lemmon, J. Phys. Chem. Ref. Data 38, 721-748 (2009), doi:10.1063/1.3160306 (normal hydrogen)",http://www.coolprop.org/fluid_properties/fluids/Hydrogen.html (CoolProp page: 'Triple point temperature'),,ASSUMPTION: triple-point temperature used as the melting point (differs from the 1 atm value by << 0.1 K).
h2,TB_K,20.369,K,"reference EOS: Leachman, Jacobsen, Penoncello, Lemmon, J. Phys. Chem. Ref. Data 38, 721-748 (2009), doi:10.1063/1.3160306 (normal hydrogen)","http://www.coolprop.org/fluid_properties/fluids/Hydrogen.html (EOS saturation temperature at 101325 Pa: CoolProp.PropsSI('T','P',101325,'Q',0,'Hydrogen'))",,
h2,omega,-0.21900,-,"reference EOS: Leachman, Jacobsen, Penoncello, Lemmon, J. Phys. Chem. Ref. Data 38, 721-748 (2009), doi:10.1063/1.3160306 (normal hydrogen)",http://www.coolprop.org/fluid_properties/fluids/Hydrogen.html (CoolProp page: 'Acentric factor'),,
h2,M_g_mol,2.01588,g/mol,"reference EOS: Leachman, Jacobsen, Penoncello, Lemmon, J. Phys. Chem. Ref. Data 38, 721-748 (2009), doi:10.1063/1.3160306 (normal hydrogen)",http://www.coolprop.org/fluid_properties/fluids/Hydrogen.html (CoolProp page: 'Molar mass' (kg/mol)),,
h2s,Tc_K,373.101,K,"reference EOS: Lemmon, Span, J. Chem. Eng. Data 51, 785-850 (2006), doi:10.1021/je050186n",http://www.coolprop.org/fluid_properties/fluids/HydrogenSulfide.html (CoolProp page: 'Critical point temperature'),,
h2s,Pc_MPa,8.99887,MPa,"reference EOS: Lemmon, Span, J. Chem. Eng. Data 51, 785-850 (2006), doi:10.1021/je050186n",http://www.coolprop.org/fluid_properties/fluids/HydrogenSulfide.html (CoolProp page: 'Critical point pressure' (Pa)),,
h2s,TM_K,187.700,K,"reference EOS: Lemmon, Span, J. Chem. Eng. Data 51, 785-850 (2006), doi:10.1021/je050186n",http://www.coolprop.org/fluid_properties/fluids/HydrogenSulfide.html (CoolProp page: 'Triple point temperature'),,ASSUMPTION: triple-point temperature used as the melting point (differs from the 1 atm value by << 0.1 K).
h2s,TB_K,212.855,K,"reference EOS: Lemmon, Span, J. Chem. Eng. Data 51, 785-850 (2006), doi:10.1021/je050186n","http://www.coolprop.org/fluid_properties/fluids/HydrogenSulfide.html (EOS saturation temperature at 101325 Pa: CoolProp.PropsSI('T','P',101325,'Q',0,'HydrogenSulfide'))",NIST WebBook Tboil 212.87 K (Goodwin 1983): https://webbook.nist.gov/cgi/cbook.cgi?ID=C7783064&Mask=4,
h2s,omega,0.10050,-,"reference EOS: Lemmon, Span, J. Chem. Eng. Data 51, 785-850 (2006), doi:10.1021/je050186n",http://www.coolprop.org/fluid_properties/fluids/HydrogenSulfide.html (CoolProp page: 'Acentric factor'),,
h2s,M_g_mol,34.08088,g/mol,"reference EOS: Lemmon, Span, J. Chem. Eng. Data 51, 785-850 (2006), doi:10.1021/je050186n",http://www.coolprop.org/fluid_properties/fluids/HydrogenSulfide.html (CoolProp page: 'Molar mass' (kg/mol)),,
helium,Tc_K,5.195,K,"reference EOS: Ortiz-Vega, Hall, Holste, Arp, Harvey, Lemmon, Equation of state for helium-4 (2019, coefficients from REFPROP 10); published as NIST IR 8474 (2023), doi:10.6028/NIST.IR.8474",http://www.coolprop.org/fluid_properties/fluids/Helium.html (CoolProp page: 'Critical point temperature'),,
helium,Pc_MPa,0.22832,MPa,"reference EOS: Ortiz-Vega, Hall, Holste, Arp, Harvey, Lemmon, Equation of state for helium-4 (2019, coefficients from REFPROP 10); published as NIST IR 8474 (2023), doi:10.6028/NIST.IR.8474",http://www.coolprop.org/fluid_properties/fluids/Helium.html (CoolProp page: 'Critical point pressure' (Pa)),,
helium,TM_K,0.950,K,melting temperature at 2.5 MPa (WebElements; Lange's Handbook: -272.15 C at 25 atm),https://www.chemeurope.com/en/encyclopedia/Melting_points_of_the_elements_%28data_page%29.html,,ASSUMPTION: helium has no melting point at 1 atm (liquid down to 0 K; solidifies only above ~2.5 MPa). The EOS 'triple point' 2.1768 K is the lambda point and is not used.
helium,TB_K,4.224,K,"reference EOS: Ortiz-Vega, Hall, Holste, Arp, Harvey, Lemmon, Equation of state for helium-4 (2019, coefficients from REFPROP 10); published as NIST IR 8474 (2023), doi:10.6028/NIST.IR.8474","http://www.coolprop.org/fluid_properties/fluids/Helium.html (EOS saturation temperature at 101325 Pa: CoolProp.PropsSI('T','P',101325,'Q',0,'Helium'))",,
helium,omega,-0.38354,-,"reference EOS: Ortiz-Vega, Hall, Holste, Arp, Harvey, Lemmon, Equation of state for helium-4 (2019, coefficients from REFPROP 10); published as NIST IR 8474 (2023), doi:10.6028/NIST.IR.8474",http://www.coolprop.org/fluid_properties/fluids/Helium.html (CoolProp page: 'Acentric factor'),,
helium,M_g_mol,4.00260,g/mol,"reference EOS: Ortiz-Vega, Hall, Holste, Arp, Harvey, Lemmon, Equation of state for helium-4 (2019, coefficients from REFPROP 10); published as NIST IR 8474 (2023), doi:10.6028/NIST.IR.8474",http://www.coolprop.org/fluid_properties/fluids/Helium.html (CoolProp page: 'Molar mass' (kg/mol)),,
heptane,Tc_K,541.226,K,"reference EOS: Span, Wagner, Int. J. Thermophys. 24, 41-109 (2003), doi:10.1023/A:1022310214958",http://www.coolprop.org/fluid_properties/fluids/n-Heptane.html (CoolProp page: 'Critical point temperature'),,
heptane,Pc_MPa,2.77382,MPa,"reference EOS: Span, Wagner, Int. J. Thermophys. 24, 41-109 (2003), doi:10.1023/A:1022310214958",http://www.coolprop.org/fluid_properties/fluids/n-Heptane.html (CoolProp page: 'Critical point pressure' (Pa)),,
heptane,TM_K,182.550,K,"reference EOS: Span, Wagner, Int. J. Thermophys. 24, 41-109 (2003), doi:10.1023/A:1022310214958",http://www.coolprop.org/fluid_properties/fluids/n-Heptane.html (CoolProp page: 'Triple point temperature'),,ASSUMPTION: triple-point temperature used as the melting point (differs from the 1 atm value by << 0.1 K).
heptane,TB_K,371.533,K,"reference EOS: Span, Wagner, Int. J. Thermophys. 24, 41-109 (2003), doi:10.1023/A:1022310214958","http://www.coolprop.org/fluid_properties/fluids/n-Heptane.html (EOS saturation temperature at 101325 Pa: CoolProp.PropsSI('T','P',101325,'Q',0,'n-Heptane'))",NIST WebBook Tboil 371.5 +/- 0.3 K (avg): https://webbook.nist.gov/cgi/cbook.cgi?ID=C142825&Mask=4,
heptane,omega,0.34900,-,"reference EOS: Span, Wagner, Int. J. Thermophys. 24, 41-109 (2003), doi:10.1023/A:1022310214958",http://www.coolprop.org/fluid_properties/fluids/n-Heptane.html (CoolProp page: 'Acentric factor'),,
heptane,M_g_mol,100.20200,g/mol,"reference EOS: Span, Wagner, Int. J. Thermophys. 24, 41-109 (2003), doi:10.1023/A:1022310214958",http://www.coolprop.org/fluid_properties/fluids/n-Heptane.html (CoolProp page: 'Molar mass' (kg/mol)),,
krypton,Tc_K,209.480,K,"reference EOS: Lemmon, Span, J. Chem. Eng. Data 51, 785-850 (2006), doi:10.1021/je050186n",http://www.coolprop.org/fluid_properties/fluids/Krypton.html (CoolProp page: 'Critical point temperature'),,
krypton,Pc_MPa,5.52543,MPa,"reference EOS: Lemmon, Span, J. Chem. Eng. Data 51, 785-850 (2006), doi:10.1021/je050186n",http://www.coolprop.org/fluid_properties/fluids/Krypton.html (CoolProp page: 'Critical point pressure' (Pa)),,
krypton,TM_K,115.770,K,"reference EOS: Lemmon, Span, J. Chem. Eng. Data 51, 785-850 (2006), doi:10.1021/je050186n",http://www.coolprop.org/fluid_properties/fluids/Krypton.html (CoolProp page: 'Triple point temperature'),NIST WebBook Ttriple 115.76 K (Ziegler et al. 1964): https://webbook.nist.gov/cgi/cbook.cgi?ID=C7439909&Mask=4,ASSUMPTION: triple-point temperature used as the melting point (differs from the 1 atm value by << 0.1 K).
krypton,TB_K,119.735,K,"reference EOS: Lemmon, Span, J. Chem. Eng. Data 51, 785-850 (2006), doi:10.1021/je050186n","http://www.coolprop.org/fluid_properties/fluids/Krypton.html (EOS saturation temperature at 101325 Pa: CoolProp.PropsSI('T','P',101325,'Q',0,'Krypton'))",NIST WebBook Tboil 119.78 K (Ziegler et al. 1964): https://webbook.nist.gov/cgi/cbook.cgi?ID=C7439909&Mask=4,
krypton,omega,-0.00089,-,"reference EOS: Lemmon, Span, J. Chem. Eng. Data 51, 785-850 (2006), doi:10.1021/je050186n",http://www.coolprop.org/fluid_properties/fluids/Krypton.html (CoolProp page: 'Acentric factor'),,
krypton,M_g_mol,83.79800,g/mol,"reference EOS: Lemmon, Span, J. Chem. Eng. Data 51, 785-850 (2006), doi:10.1021/je050186n",http://www.coolprop.org/fluid_properties/fluids/Krypton.html (CoolProp page: 'Molar mass' (kg/mol)),,
methane,Tc_K,190.564,K,"reference EOS: Setzmann, Wagner, J. Phys. Chem. Ref. Data 20, 1061-1151 (1991), doi:10.1063/1.555898",http://www.coolprop.org/fluid_properties/fluids/Methane.html (CoolProp page: 'Critical point temperature'),,
methane,Pc_MPa,4.59920,MPa,"reference EOS: Setzmann, Wagner, J. Phys. Chem. Ref. Data 20, 1061-1151 (1991), doi:10.1063/1.555898",http://www.coolprop.org/fluid_properties/fluids/Methane.html (CoolProp page: 'Critical point pressure' (Pa)),,
methane,TM_K,90.694,K,"reference EOS: Setzmann, Wagner, J. Phys. Chem. Ref. Data 20, 1061-1151 (1991), doi:10.1063/1.555898",http://www.coolprop.org/fluid_properties/fluids/Methane.html (CoolProp page: 'Triple point temperature'),NIST WebBook Ttriple 90.67 +/- 0.03 K (avg); Tfus 90.6 K: https://webbook.nist.gov/cgi/cbook.cgi?ID=C74828&Mask=4,ASSUMPTION: triple-point temperature used as the melting point (differs from the 1 atm value by << 0.1 K).
methane,TB_K,111.667,K,"reference EOS: Setzmann, Wagner, J. Phys. Chem. Ref. Data 20, 1061-1151 (1991), doi:10.1063/1.555898","http://www.coolprop.org/fluid_properties/fluids/Methane.html (EOS saturation temperature at 101325 Pa: CoolProp.PropsSI('T','P',101325,'Q',0,'Methane'))",NIST WebBook Tboil 111 +/- 2 K (avg of 13): https://webbook.nist.gov/cgi/cbook.cgi?ID=C74828&Mask=4,
methane,omega,0.01142,-,"reference EOS: Setzmann, Wagner, J. Phys. Chem. Ref. Data 20, 1061-1151 (1991), doi:10.1063/1.555898",http://www.coolprop.org/fluid_properties/fluids/Methane.html (CoolProp page: 'Acentric factor'),,
methane,M_g_mol,16.04280,g/mol,"reference EOS: Setzmann, Wagner, J. Phys. Chem. Ref. Data 20, 1061-1151 (1991), doi:10.1063/1.555898",http://www.coolprop.org/fluid_properties/fluids/Methane.html (CoolProp page: 'Molar mass' (kg/mol)),,
methanol,Tc_K,513.380,K,"reference EOS: de Reuck, Craven, Methanol: International Thermodynamic Tables of the Fluid State-12, Blackwell Scientific, Oxford (1993)",http://www.coolprop.org/fluid_properties/fluids/Methanol.html (CoolProp page: 'Critical point temperature'),,
methanol,Pc_MPa,8.21585,MPa,"reference EOS: de Reuck, Craven, Methanol: International Thermodynamic Tables of the Fluid State-12, Blackwell Scientific, Oxford (1993)",http://www.coolprop.org/fluid_properties/fluids/Methanol.html (CoolProp page: 'Critical point pressure' (Pa)),,
methanol,TM_K,175.610,K,"reference EOS: de Reuck, Craven, Methanol: International Thermodynamic Tables of the Fluid State-12, Blackwell Scientific, Oxford (1993)",http://www.coolprop.org/fluid_properties/fluids/Methanol.html (CoolProp page: 'Triple point temperature'),,ASSUMPTION: triple-point temperature used as the melting point (differs from the 1 atm value by << 0.1 K).
methanol,TB_K,337.632,K,"reference EOS: de Reuck, Craven, Methanol: International Thermodynamic Tables of the Fluid State-12, Blackwell Scientific, Oxford (1993)","http://www.coolprop.org/fluid_properties/fluids/Methanol.html (EOS saturation temperature at 101325 Pa: CoolProp.PropsSI('T','P',101325,'Q',0,'Methanol'))",NIST WebBook Tboil 337.8 +/- 0.3 K (avg): https://webbook.nist.gov/cgi/cbook.cgi?ID=C67561&Mask=4,
methanol,omega,0.56494,-,"reference EOS: de Reuck, Craven, Methanol: International Thermodynamic Tables of the Fluid State-12, Blackwell Scientific, Oxford (1993)",http://www.coolprop.org/fluid_properties/fluids/Methanol.html (CoolProp page: 'Acentric factor'),,
methanol,M_g_mol,32.04216,g/mol,"reference EOS: de Reuck, Craven, Methanol: International Thermodynamic Tables of the Fluid State-12, Blackwell Scientific, Oxford (1993)",http://www.coolprop.org/fluid_properties/fluids/Methanol.html (CoolProp page: 'Molar mass' (kg/mol)),,
n2,Tc_K,126.192,K,"reference EOS: Span, Lemmon, Jacobsen, Wagner, Yokozeki, J. Phys. Chem. Ref. Data 29, 1361-1433 (2000), doi:10.1063/1.1349047",http://www.coolprop.org/fluid_properties/fluids/Nitrogen.html (CoolProp page: 'Critical point temperature'),,
n2,Pc_MPa,3.39580,MPa,"reference EOS: Span, Lemmon, Jacobsen, Wagner, Yokozeki, J. Phys. Chem. Ref. Data 29, 1361-1433 (2000), doi:10.1063/1.1349047",http://www.coolprop.org/fluid_properties/fluids/Nitrogen.html (CoolProp page: 'Critical point pressure' (Pa)),,
n2,TM_K,63.151,K,"reference EOS: Span, Lemmon, Jacobsen, Wagner, Yokozeki, J. Phys. Chem. Ref. Data 29, 1361-1433 (2000), doi:10.1063/1.1349047",http://www.coolprop.org/fluid_properties/fluids/Nitrogen.html (CoolProp page: 'Triple point temperature'),,ASSUMPTION: triple-point temperature used as the melting point (differs from the 1 atm value by << 0.1 K).
n2,TB_K,77.355,K,"reference EOS: Span, Lemmon, Jacobsen, Wagner, Yokozeki, J. Phys. Chem. Ref. Data 29, 1361-1433 (2000), doi:10.1063/1.1349047","http://www.coolprop.org/fluid_properties/fluids/Nitrogen.html (EOS saturation temperature at 101325 Pa: CoolProp.PropsSI('T','P',101325,'Q',0,'Nitrogen'))",NIST WebBook Tboil 77.34 K (Jacobsen et al. 1986): https://webbook.nist.gov/cgi/cbook.cgi?ID=C7727379&Mask=4,
n2,omega,0.03720,-,"reference EOS: Span, Lemmon, Jacobsen, Wagner, Yokozeki, J. Phys. Chem. Ref. Data 29, 1361-1433 (2000), doi:10.1063/1.1349047",http://www.coolprop.org/fluid_properties/fluids/Nitrogen.html (CoolProp page: 'Acentric factor'),,
n2,M_g_mol,28.01348,g/mol,"reference EOS: Span, Lemmon, Jacobsen, Wagner, Yokozeki, J. Phys. Chem. Ref. Data 29, 1361-1433 (2000), doi:10.1063/1.1349047",http://www.coolprop.org/fluid_properties/fluids/Nitrogen.html (CoolProp page: 'Molar mass' (kg/mol)),,
nh3,Tc_K,405.560,K,"reference EOS: Gao, Wu, Bell, Lemmon (cited by CoolProp as J. Phys. Chem. Ref. Data 2020); published as Gao, Wu, Bell, Harvey, Lemmon, J. Phys. Chem. Ref. Data 52 (2023), doi:10.1063/5.0128269",http://www.coolprop.org/fluid_properties/fluids/Ammonia.html (CoolProp page: 'Critical point temperature'),,
nh3,Pc_MPa,11.36339,MPa,"reference EOS: Gao, Wu, Bell, Lemmon (cited by CoolProp as J. Phys. Chem. Ref. Data 2020); published as Gao, Wu, Bell, Harvey, Lemmon, J. Phys. Chem. Ref. Data 52 (2023), doi:10.1063/5.0128269",http://www.coolprop.org/fluid_properties/fluids/Ammonia.html (CoolProp page: 'Critical point pressure' (Pa)),,
nh3,TM_K,195.495,K,"reference EOS: Gao, Wu, Bell, Lemmon (cited by CoolProp as J. Phys. Chem. Ref. Data 2020); published as Gao, Wu, Bell, Harvey, Lemmon, J. Phys. Chem. Ref. Data 52 (2023), doi:10.1063/5.0128269",http://www.coolprop.org/fluid_properties/fluids/Ammonia.html (CoolProp page: 'Triple point temperature'),NIST WebBook Tfus 194.95 K: https://webbook.nist.gov/cgi/cbook.cgi?ID=C7664417&Mask=4,ASSUMPTION: triple-point temperature used as the melting point (differs from the 1 atm value by << 0.1 K).
nh3,TB_K,239.834,K,"reference EOS: Gao, Wu, Bell, Lemmon (cited by CoolProp as J. Phys. Chem. Ref. Data 2020); published as Gao, Wu, Bell, Harvey, Lemmon, J. Phys. Chem. Ref. Data 52 (2023), doi:10.1063/5.0128269","http://www.coolprop.org/fluid_properties/fluids/Ammonia.html (EOS saturation temperature at 101325 Pa: CoolProp.PropsSI('T','P',101325,'Q',0,'Ammonia'))",,
nh3,omega,0.25569,-,"reference EOS: Gao, Wu, Bell, Lemmon (cited by CoolProp as J. Phys. Chem. Ref. Data 2020); published as Gao, Wu, Bell, Harvey, Lemmon, J. Phys. Chem. Ref. Data 52 (2023), doi:10.1063/5.0128269",http://www.coolprop.org/fluid_properties/fluids/Ammonia.html (CoolProp page: 'Acentric factor'),,
nh3,M_g_mol,17.03052,g/mol,"reference EOS: Gao, Wu, Bell, Lemmon (cited by CoolProp as J. Phys. Chem. Ref. Data 2020); published as Gao, Wu, Bell, Harvey, Lemmon, J. Phys. Chem. Ref. Data 52 (2023), doi:10.1063/5.0128269",http://www.coolprop.org/fluid_properties/fluids/Ammonia.html (CoolProp page: 'Molar mass' (kg/mol)),,
octane,Tc_K,568.740,K,"reference EOS: Beckmueller, Thol, Lemmon, Span, Fundamental equation of state for n-octane (cited by CoolProp as Int. J. Thermophys. 2019); published as J. Phys. Chem. Ref. Data 51 (2022), doi:10.1063/5.0104661",http://www.coolprop.org/fluid_properties/fluids/n-Octane.html (CoolProp page: 'Critical point temperature'),,
octane,Pc_MPa,2.48359,MPa,"reference EOS: Beckmueller, Thol, Lemmon, Span, Fundamental equation of state for n-octane (cited by CoolProp as Int. J. Thermophys. 2019); published as J. Phys. Chem. Ref. Data 51 (2022), doi:10.1063/5.0104661",http://www.coolprop.org/fluid_properties/fluids/n-Octane.html (CoolProp page: 'Critical point pressure' (Pa)),,
octane,TM_K,216.370,K,"reference EOS: Beckmueller, Thol, Lemmon, Span, Fundamental equation of state for n-octane (cited by CoolProp as Int. J. Thermophys. 2019); published as J. Phys. Chem. Ref. Data 51 (2022), doi:10.1063/5.0104661",http://www.coolprop.org/fluid_properties/fluids/n-Octane.html (CoolProp page: 'Triple point temperature'),,ASSUMPTION: triple-point temperature used as the melting point (differs from the 1 atm value by << 0.1 K).
octane,TB_K,398.794,K,"reference EOS: Beckmueller, Thol, Lemmon, Span, Fundamental equation of state for n-octane (cited by CoolProp as Int. J. Thermophys. 2019); published as J. Phys. Chem. Ref. Data 51 (2022), doi:10.1063/5.0104661","http://www.coolprop.org/fluid_properties/fluids/n-Octane.html (EOS saturation temperature at 101325 Pa: CoolProp.PropsSI('T','P',101325,'Q',0,'n-Octane'))",NIST WebBook Tboil 398.7 +/- 0.5 K (avg): https://webbook.nist.gov/cgi/cbook.cgi?ID=C111659&Mask=4,
octane,omega,0.39753,-,"reference EOS: Beckmueller, Thol, Lemmon, Span, Fundamental equation of state for n-octane (cited by CoolProp as Int. J. Thermophys. 2019); published as J. Phys. Chem. Ref. Data 51 (2022), doi:10.1063/5.0104661",http://www.coolprop.org/fluid_properties/fluids/n-Octane.html (CoolProp page: 'Acentric factor'),,
octane,M_g_mol,114.22900,g/mol,"reference EOS: Beckmueller, Thol, Lemmon, Span, Fundamental equation of state for n-octane (cited by CoolProp as Int. J. Thermophys. 2019); published as J. Phys. Chem. Ref. Data 51 (2022), doi:10.1063/5.0104661",http://www.coolprop.org/fluid_properties/fluids/n-Octane.html (CoolProp page: 'Molar mass' (kg/mol)),,
pentane,Tc_K,469.700,K,"reference EOS: Thol, Uhde, Lemmon, Span, Fundamental equations of state for hydrocarbons. Part I. n-Pentane, Fluid Phase Equilib. (2019)",http://www.coolprop.org/fluid_properties/fluids/n-Pentane.html (CoolProp page: 'Critical point temperature'),,
pentane,Pc_MPa,3.36752,MPa,"reference EOS: Thol, Uhde, Lemmon, Span, Fundamental equations of state for hydrocarbons. Part I. n-Pentane, Fluid Phase Equilib. (2019)",http://www.coolprop.org/fluid_properties/fluids/n-Pentane.html (CoolProp page: 'Critical point pressure' (Pa)),,
pentane,TM_K,143.470,K,"reference EOS: Thol, Uhde, Lemmon, Span, Fundamental equations of state for hydrocarbons. Part I. n-Pentane, Fluid Phase Equilib. (2019)",http://www.coolprop.org/fluid_properties/fluids/n-Pentane.html (CoolProp page: 'Triple point temperature'),,ASSUMPTION: triple-point temperature used as the melting point (differs from the 1 atm value by << 0.1 K).
pentane,TB_K,309.209,K,"reference EOS: Thol, Uhde, Lemmon, Span, Fundamental equations of state for hydrocarbons. Part I. n-Pentane, Fluid Phase Equilib. (2019)","http://www.coolprop.org/fluid_properties/fluids/n-Pentane.html (EOS saturation temperature at 101325 Pa: CoolProp.PropsSI('T','P',101325,'Q',0,'n-Pentane'))",NIST WebBook Tboil 309.2 +/- 0.2 K (avg): https://webbook.nist.gov/cgi/cbook.cgi?ID=C109660&Mask=4,
pentane,omega,0.25103,-,"reference EOS: Thol, Uhde, Lemmon, Span, Fundamental equations of state for hydrocarbons. Part I. n-Pentane, Fluid Phase Equilib. (2019)",http://www.coolprop.org/fluid_properties/fluids/n-Pentane.html (CoolProp page: 'Acentric factor'),,
pentane,M_g_mol,72.14878,g/mol,"reference EOS: Thol, Uhde, Lemmon, Span, Fundamental equations of state for hydrocarbons. Part I. n-Pentane, Fluid Phase Equilib. (2019)",http://www.coolprop.org/fluid_properties/fluids/n-Pentane.html (CoolProp page: 'Molar mass' (kg/mol)),,
propane,Tc_K,369.890,K,"reference EOS: Lemmon, McLinden, Wagner, J. Chem. Eng. Data 54, 3141-3180 (2009), doi:10.1021/je900217v",http://www.coolprop.org/fluid_properties/fluids/n-Propane.html (CoolProp page: 'Critical point temperature'),,
propane,Pc_MPa,4.25117,MPa,"reference EOS: Lemmon, McLinden, Wagner, J. Chem. Eng. Data 54, 3141-3180 (2009), doi:10.1021/je900217v",http://www.coolprop.org/fluid_properties/fluids/n-Propane.html (CoolProp page: 'Critical point pressure' (Pa)),,
propane,TM_K,85.525,K,"reference EOS: Lemmon, McLinden, Wagner, J. Chem. Eng. Data 54, 3141-3180 (2009), doi:10.1021/je900217v",http://www.coolprop.org/fluid_properties/fluids/n-Propane.html (CoolProp page: 'Triple point temperature'),,ASSUMPTION: triple-point temperature used as the melting point (differs from the 1 atm value by << 0.1 K).
propane,TB_K,231.036,K,"reference EOS: Lemmon, McLinden, Wagner, J. Chem. Eng. Data 54, 3141-3180 (2009), doi:10.1021/je900217v","http://www.coolprop.org/fluid_properties/fluids/n-Propane.html (EOS saturation temperature at 101325 Pa: CoolProp.PropsSI('T','P',101325,'Q',0,'n-Propane'))",NIST WebBook Tboil 231.1 +/- 0.2 K (avg): https://webbook.nist.gov/cgi/cbook.cgi?ID=C74986&Mask=4,
propane,omega,0.15210,-,"reference EOS: Lemmon, McLinden, Wagner, J. Chem. Eng. Data 54, 3141-3180 (2009), doi:10.1021/je900217v",http://www.coolprop.org/fluid_properties/fluids/n-Propane.html (CoolProp page: 'Acentric factor'),,
propane,M_g_mol,44.09562,g/mol,"reference EOS: Lemmon, McLinden, Wagner, J. Chem. Eng. Data 54, 3141-3180 (2009), doi:10.1021/je900217v",http://www.coolprop.org/fluid_properties/fluids/n-Propane.html (CoolProp page: 'Molar mass' (kg/mol)),,
so2,Tc_K,430.640,K,"reference EOS: Gao, Wu, Zhang, Lemmon, J. Chem. Eng. Data 61 (2016), doi:10.1021/acs.jced.6b00261",http://www.coolprop.org/fluid_properties/fluids/SulfurDioxide.html (CoolProp page: 'Critical point temperature'),,
so2,Pc_MPa,7.88658,MPa,"reference EOS: Gao, Wu, Zhang, Lemmon, J. Chem. Eng. Data 61 (2016), doi:10.1021/acs.jced.6b00261",http://www.coolprop.org/fluid_properties/fluids/SulfurDioxide.html (CoolProp page: 'Critical point pressure' (Pa)),,
so2,TM_K,197.700,K,"reference EOS: Gao, Wu, Zhang, Lemmon, J. Chem. Eng. Data 61 (2016), doi:10.1021/acs.jced.6b00261",http://www.coolprop.org/fluid_properties/fluids/SulfurDioxide.html (CoolProp page: 'Triple point temperature'),NIST WebBook Ttriple 197.64 K; Tfus 200.75 K (the two NIST entries disagree by 3 K): https://webbook.nist.gov/cgi/cbook.cgi?ID=C7446095&Mask=4,ASSUMPTION: triple-point temperature used as the melting point (differs from the 1 atm value by << 0.1 K).
so2,TB_K,263.137,K,"reference EOS: Gao, Wu, Zhang, Lemmon, J. Chem. Eng. Data 61 (2016), doi:10.1021/acs.jced.6b00261","http://www.coolprop.org/fluid_properties/fluids/SulfurDioxide.html (EOS saturation temperature at 101325 Pa: CoolProp.PropsSI('T','P',101325,'Q',0,'SulfurDioxide'))",,
so2,omega,0.25613,-,"reference EOS: Gao, Wu, Zhang, Lemmon, J. Chem. Eng. Data 61 (2016), doi:10.1021/acs.jced.6b00261",http://www.coolprop.org/fluid_properties/fluids/SulfurDioxide.html (CoolProp page: 'Acentric factor'),,
so2,M_g_mol,64.06380,g/mol,"reference EOS: Gao, Wu, Zhang, Lemmon, J. Chem. Eng. Data 61 (2016), doi:10.1021/acs.jced.6b00261",http://www.coolprop.org/fluid_properties/fluids/SulfurDioxide.html (CoolProp page: 'Molar mass' (kg/mol)),,
xenon,Tc_K,289.733,K,"reference EOS: Lemmon, Span, J. Chem. Eng. Data 51, 785-850 (2006), doi:10.1021/je050186n",http://www.coolprop.org/fluid_properties/fluids/Xenon.html (CoolProp page: 'Critical point temperature'),,
xenon,Pc_MPa,5.84191,MPa,"reference EOS: Lemmon, Span, J. Chem. Eng. Data 51, 785-850 (2006), doi:10.1021/je050186n",http://www.coolprop.org/fluid_properties/fluids/Xenon.html (CoolProp page: 'Critical point pressure' (Pa)),,
xenon,TM_K,161.400,K,"reference EOS: Lemmon, Span, J. Chem. Eng. Data 51, 785-850 (2006), doi:10.1021/je050186n",http://www.coolprop.org/fluid_properties/fluids/Xenon.html (CoolProp page: 'Triple point temperature'),NIST WebBook Ttriple 161.38 K (Kemp et al. 1985): https://webbook.nist.gov/cgi/cbook.cgi?ID=C7440633&Mask=4,ASSUMPTION: triple-point temperature used as the melting point (differs from the 1 atm value by << 0.1 K).
xenon,TB_K,165.051,K,"reference EOS: Lemmon, Span, J. Chem. Eng. Data 51, 785-850 (2006), doi:10.1021/je050186n","http://www.coolprop.org/fluid_properties/fluids/Xenon.html (EOS saturation temperature at 101325 Pa: CoolProp.PropsSI('T','P',101325,'Q',0,'Xenon'))",NIST WebBook Tboil 165.02 K (Ziegler et al. 1966): https://webbook.nist.gov/cgi/cbook.cgi?ID=C7440633&Mask=4,
xenon,omega,0.00363,-,"reference EOS: Lemmon, Span, J. Chem. Eng. Data 51, 785-850 (2006), doi:10.1021/je050186n",http://www.coolprop.org/fluid_properties/fluids/Xenon.html (CoolProp page: 'Acentric factor'),,
xenon,M_g_mol,131.29300,g/mol,"reference EOS: Lemmon, Span, J. Chem. Eng. Data 51, 785-850 (2006), doi:10.1021/je050186n",http://www.coolprop.org/fluid_properties/fluids/Xenon.html (CoolProp page: 'Molar mass' (kg/mol)),,
