id,Tc_K,Pc_MPa,TM_K,TB_K,omega,M_g_mol
argon,150.687,4.86300,83.806,87.302,-0.00219,39.94800
benzene,562.020,4.90629,278.674,353.216,0.21084,78.11180
butane,425.125,3.79600,134.895,272.660,0.20081,58.12220
co,132.860,3.49819,68.160,81.638,0.04970,28.01010
co2,304.128,7.37730,216.592,194.686,0.22394,44.00980
dmf,649.600,4.42000,212.700,426.000,0.31770,73.09380
ethane,305.322,4.87220,90.368,184.569,0.09900,30.06904
ethanol,514.709,6.26791,159.100,351.570,0.64400,46.06844
h2,33.144,1.29636,13.957,20.369,-0.21900,2.01588
h2s,373.101,8.99887,187.700,212.855,0.10050,34.08088
helium,5.195,0.22832,0.950,4.224,-0.38354,4.00260
heptane,541.226,2.77382,182.550,371.533,0.34900,100.20200
krypton,209.480,5.52543,115.770,119.735,-0.00089,83.79800
methane,190.564,4.59920,90.694,111.667,0.01142,16.04280
methanol,513.380,8.21585,175.610,337.632,0.56494,32.04216
n2,126.192,3.39580,63.151,77.355,0.03720,28.01348
nh3,405.560,11.36339,195.495,239.834,0.25569,17.03052
octane,568.740,2.48359,216.370,398.794,0.39753,114.22900
pentane,469.700,3.36752,143.470,309.209,0.25103,72.14878
propane,369.890,4.25117,85.525,231.036,0.15210,44.09562
so2,430.640,7.88658,197.700,263.137,0.25613,64.06380
xenon,289.733,5.84191,161.400,165.051,0.00363,131.29300
