id,Tc_K,Pc_MPa,omega,nC,nO,nN,n2,n3,nAT-H,nAT,nTB,nSB,nAlkylC,nVinylC,nCarbonyl1,nCarbonyl2,nCarbonylC,nAldehyde,nKetone,nEther,nAmine12,nAmine1,nNitrile,nOH,nOHAlcohol,nN#,n-O-,F01[H-C],F01[H-N],F01[H-O],F01[C-N],F01[C-O],F02[H-C],F02[H-N],F02[H-O],F02[C-N],F02[C-O]
argon,150.687,4.86300,-0.00219,0,0,0,0,0,1,1,0,0,0,0,0,0,0,0,0,0,0,0,0,0,0,0,0,0,0,0,0,0,0,0,0,0,0
benzene,562.020,4.90629,0.21084,6,0,0,0,0,6,12,12,6,0,0,0,0,0,0,0,0,0,0,0,0,0,0,0,6,0,0,0,0,12,0,0,0,0
butane,425.125,3.79600,0.20081,4,0,0,0,0,4,14,13,13,4,0,0,0,0,0,0,0,0,0,0,0,0,0,0,10,0,0,0,0,14,0,0,0,0
co,132.860,3.49819,0.04970,1,1,0,0,1,2,2,1,0,0,0,0,0,0,0,0,0,0,0,0,0,0,0,0,0,0,0,0,1,0,0,0,0,0
co2,304.128,7.37730,0.22394,1,2,0,2,0,3,3,2,0,0,0,0,0,0,0,0,0,0,0,0,0,0,0,0,0,0,0,0,2,0,0,0,0,0
dmf,649.600,4.42000,0.31770,3,1,1,1,0,5,12,11,10,2,0,1,1,0,0,0,0,0,0,0,0,0,0,0,7,0,0,3,1,0,7,1,0,0
ethane,305.322,4.87220,0.09900,2,0,0,0,0,2,8,7,7,2,0,0,0,0,0,0,0,0,0,0,0,0,0,0,6,0,0,0,0,6,0,0,0,0
ethanol,514.709,6.26791,0.64400,2,1,0,0,0,3,9,8,8,2,0,0,0,0,0,0,0,0,0,0,1,1,0,1,5,0,1,0,1,6,0,2,0,1
h2,33.144,1.29636,-0.21900,0,0,0,0,0,0,2,1,1,0,0,0,0,0,0,0,0,0,0,0,0,0,0,0,0,0,0,0,0,0,0,0,0,0
h2s,373.101,8.99887,0.10050,0,0,0,0,0,1,3,2,2,0,0,0,0,0,0,0,0,0,0,0,0,0,0,0,0,0,0,0,0,0,0,0,0,0
helium,5.195,0.22832,-0.38354,0,0,0,0,0,1,1,0,0,0,0,0,0,0,0,0,0,0,0,0,0,0,0,0,0,0,0,0,0,0,0,0,0,0
heptane,541.226,2.77382,0.34900,7,0,0,0,0,7,23,22,22,7,0,0,0,0,0,0,0,0,0,0,0,0,0,0,16,0,0,0,0,26,0,0,0,0
krypton,209.480,5.52543,-0.00089,0,0,0,0,0,1,1,0,0,0,0,0,0,0,0,0,0,0,0,0,0,0,0,0,0,0,0,0,0,0,0,0,0,0
methane,190.564,4.59920,0.01142,1,0,0,0,0,1,5,4,4,1,0,0,0,0,0,0,0,0,0,0,0,0,0,0,4,0,0,0,0,0,0,0,0,0
methanol,513.380,8.21585,0.56494,1,1,0,0,0,2,6,5,5,1,0,0,0,0,0,0,0,0,0,0,1,1,0,1,3,0,1,0,1,1,0,3,0,0
n2,126.192,3.39580,0.03720,0,0,2,0,1,2,2,1,0,0,0,0,0,0,0,0,0,0,0,0,0,0,2,0,0,0,0,0,0,0,0,0,0,0
nh3,405.560,11.36339,0.25569,0,0,1,0,0,1,4,3,3,0,0,0,0,0,0,0,0,0,0,0,0,0,0,0,0,3,0,0,0,0,0,0,0,0
octane,568.740,2.48359,0.39753,8,0,0,0,0,8,26,25,25,8,0,0,0,0,0,0,0,0,0,0,0,0,0,0,18,0,0,0,0,30,0,0,0,0
pentane,469.700,3.36752,0.25103,5,0,0,0,0,5,17,16,16,5,0,0,0,0,0,0,0,0,0,0,0,0,0,0,12,0,0,0,0,18,0,0,0,0
propane,369.890,4.25117,0.15210,3,0,0,0,0,3,11,10,10,3,0,0,0,0,0,0,0,0,0,0,0,0,0,0,8,0,0,0,0,10,0,0,0,0
so2,430.640,7.88658,0.25613,0,2,0,2,0,3,3,2,0,0,0,0,0,0,0,0,0,0,0,0,0,0,0,0,0,0,0,0,0,0,0,0,0,0
xenon,289.733,5.84191,0.00363,0,0,0,0,0,1,1,0,0,0,0,0,0,0,0,0,0,0,0,0,0,0,0,0,0,0,0,0,0,0,0,0,0,0
