id,n_atoms_allatom,formula,allatom_method,conformer,rdkit,mmff_E_lowest,mmff_E_final,n_sites_gcmc,n_dummy_gcmc,gcmc_model,gcmc_geometry,gcmc_net_charge
helium,1,He,single_atom,-,2026.03.6,,,1,0,flexible,single_site,0.0000
argon,1,Ar,single_atom,-,2026.03.6,,,1,0,flexible,single_site,0.0000
krypton,1,Kr,single_atom,-,2026.03.6,,,1,0,flexible,single_site,0.0000
xenon,1,Xe,single_atom,-,2026.03.6,,,1,0,flexible,single_site,0.0000
h2,2,H2,experimental,-,2026.03.6,,,3,1,rigid,def_coordinates,0.0000
n2,2,N2,experimental,-,2026.03.6,,,3,1,rigid,def_coordinates,0.0000
co,2,CO,experimental,-,2026.03.6,,,3,1,rigid,def_coordinates,0.0000
co2,3,CO2,experimental,-,2026.03.6,,,3,0,rigid,def_coordinates,0.0000
h2s,3,H2S,experimental,-,2026.03.6,,,4,1,rigid,def_coordinates,0.0000
nh3,4,H3N,experimental,-,2026.03.6,,,5,1,rigid,def_coordinates,0.0000
so2,3,O2S,experimental,-,2026.03.6,,,4,1,rigid,def_coordinates,-0.0000
methane,5,CH4,mmff94,lowest-MMFF94,2026.03.6,0.0264,0.0264,1,0,flexible,single_site,0.0000
ethane,8,C2H6,mmff94,lowest-MMFF94,2026.03.6,-4.7344,-4.7344,2,0,flexible,built_all_trans,0.0000
propane,11,C3H8,mmff94,lowest-MMFF94,2026.03.6,-4.8973,-4.8973,3,0,flexible,built_all_trans,0.0000
butane,14,C4H10,mmff94,all-trans,2026.03.6,-5.0760,-5.0760,4,0,flexible,built_all_trans,0.0000
pentane,17,C5H12,mmff94,all-trans,2026.03.6,-5.2718,-5.2718,5,0,flexible,built_all_trans,0.0000
heptane,23,C7H16,mmff94,all-trans,2026.03.6,-5.6797,-5.6797,7,0,flexible,built_all_trans,0.0000
octane,26,C8H18,mmff94,all-trans,2026.03.6,-5.0619,-5.8859,8,0,flexible,built_all_trans,0.0000
benzene,12,C6H6,mmff94,lowest-MMFF94,2026.03.6,16.2270,16.2270,12,0,rigid,def_coordinates,-0.0000
methanol,6,CH4O,mmff94,lowest-MMFF94,2026.03.6,0.6658,0.6658,3,0,flexible,built_all_trans,0.0000
ethanol,9,C2H6O,mmff94,all-trans,2026.03.6,-1.5171,-1.5171,4,0,flexible,built_all_trans,0.0000
dmf,12,C3H7NO,mmff94,lowest-MMFF94,2026.03.6,-17.6328,-17.6328,12,0,rigid,def_coordinates,0.0000
