id,eps_d0_p0,eps_d0_p1,eps_d0_p2,eps_d0_p3,eps_d0_p4,eps_d0_p5,eps_d0_p6,eps_d0_p7,eps_d0_p8,eps_d0_p9,eps_d1_p0,eps_d1_p1,eps_d1_p2,eps_d1_p3,eps_d1_p4,eps_d1_p5,eps_d1_p6,eps_d1_p7,eps_d1_p8,eps_d1_p9,eps_d2_p0,eps_d2_p1,eps_d2_p2,eps_d2_p3,eps_d2_p4,eps_d2_p5,eps_d2_p6,eps_d2_p7,eps_d2_p8,eps_d2_p9,eps_d3_p0,eps_d3_p1,eps_d3_p2,eps_d3_p3,eps_d3_p4,eps_d3_p5,eps_d3_p6,eps_d3_p7,eps_d3_p8,eps_d3_p9,eps_d4_p0,eps_d4_p1,eps_d4_p2,eps_d4_p3,eps_d4_p4,eps_d4_p5,eps_d4_p6,eps_d4_p7,eps_d4_p8,eps_d4_p9,eps_d5_p0,eps_d5_p1,eps_d5_p2,eps_d5_p3,eps_d5_p4,eps_d5_p5,eps_d5_p6,eps_d5_p7,eps_d5_p8,eps_d5_p9,eps_d6_p0,eps_d6_p1,eps_d6_p2,eps_d6_p3,eps_d6_p4,eps_d6_p5,eps_d6_p6,eps_d6_p7,eps_d6_p8,eps_d6_p9,eps_d7_p0,eps_d7_p1,eps_d7_p2,eps_d7_p3,eps_d7_p4,eps_d7_p5,eps_d7_p6,eps_d7_p7,eps_d7_p8,eps_d7_p9,eps_d8_p0,eps_d8_p1,eps_d8_p2,eps_d8_p3,eps_d8_p4,eps_d8_p5,eps_d8_p6,eps_d8_p7,eps_d8_p8,eps_d8_p9,eps_d9_p0,eps_d9_p1,eps_d9_p2,eps_d9_p3,eps_d9_p4,eps_d9_p5,eps_d9_p6,eps_d9_p7,eps_d9_p8,eps_d9_p9,sig_d0_p0,sig_d0_p1,sig_d0_p2,sig_d0_p3,sig_d0_p4,sig_d0_p5,sig_d0_p6,sig_d0_p7,sig_d0_p8,sig_d0_p9,sig_d1_p0,sig_d1_p1,sig_d1_p2,sig_d1_p3,sig_d1_p4,sig_d1_p5,sig_d1_p6,sig_d1_p7,sig_d1_p8,sig_d1_p9,sig_d2_p0,sig_d2_p1,sig_d2_p2,sig_d2_p3,sig_d2_p4,sig_d2_p5,sig_d2_p6,sig_d2_p7,sig_d2_p8,sig_d2_p9,sig_d3_p0,sig_d3_p1,sig_d3_p2,sig_d3_p3,sig_d3_p4,sig_d3_p5,sig_d3_p6,sig_d3_p7,sig_d3_p8,sig_d3_p9,sig_d4_p0,sig_d4_p1,sig_d4_p2,sig_d4_p3,sig_d4_p4,sig_d4_p5,sig_d4_p6,sig_d4_p7,sig_d4_p8,sig_d4_p9,sig_d5_p0,sig_d5_p1,sig_d5_p2,sig_d5_p3,sig_d5_p4,sig_d5_p5,sig_d5_p6,sig_d5_p7,sig_d5_p8,sig_d5_p9,sig_d6_p0,sig_d6_p1,sig_d6_p2,sig_d6_p3,sig_d6_p4,sig_d6_p5,sig_d6_p6,sig_d6_p7,sig_d6_p8,sig_d6_p9,sig_d7_p0,sig_d7_p1,sig_d7_p2,sig_d7_p3,sig_d7_p4,sig_d7_p5,sig_d7_p6,sig_d7_p7,sig_d7_p8,sig_d7_p9,sig_d8_p0,sig_d8_p1,sig_d8_p2,sig_d8_p3,sig_d8_p4,sig_d8_p5,sig_d8_p6,sig_d8_p7,sig_d8_p8,sig_d8_p9,sig_d9_p0,sig_d9_p1,sig_d9_p2,sig_d9_p3,sig_d9_p4,sig_d9_p5,sig_d9_p6,sig_d9_p7,sig_d9_p8,sig_d9_p9,q_d0_p0,q_d0_p1,q_d0_p2,q_d0_p3,q_d0_p4,q_d0_p5,q_d0_p6,q_d0_p7,q_d0_p8,q_d0_p9,q_d1_p0,q_d1_p1,q_d1_p2,q_d1_p3,q_d1_p4,q_d1_p5,q_d1_p6,q_d1_p7,q_d1_p8,q_d1_p9,q_d2_p0,q_d2_p1,q_d2_p2,q_d2_p3,q_d2_p4,q_d2_p5,q_d2_p6,q_d2_p7,q_d2_p8,q_d2_p9,q_d3_p0,q_d3_p1,q_d3_p2,q_d3_p3,q_d3_p4,q_d3_p5,q_d3_p6,q_d3_p7,q_d3_p8,q_d3_p9,q_d4_p0,q_d4_p1,q_d4_p2,q_d4_p3,q_d4_p4,q_d4_p5,q_d4_p6,q_d4_p7,q_d4_p8,q_d4_p9,q_d5_p0,q_d5_p1,q_d5_p2,q_d5_p3,q_d5_p4,q_d5_p5,q_d5_p6,q_d5_p7,q_d5_p8,q_d5_p9,q_d6_p0,q_d6_p1,q_d6_p2,q_d6_p3,q_d6_p4,q_d6_p5,q_d6_p6,q_d6_p7,q_d6_p8,q_d6_p9,q_d7_p0,q_d7_p1,q_d7_p2,q_d7_p3,q_d7_p4,q_d7_p5,q_d7_p6,q_d7_p7,q_d7_p8,q_d7_p9,q_d8_p0,q_d8_p1,q_d8_p2,q_d8_p3,q_d8_p4,q_d8_p5,q_d8_p6,q_d8_p7,q_d8_p8,q_d8_p9,q_d9_p0,q_d9_p1,q_d9_p2,q_d9_p3,q_d9_p4,q_d9_p5,q_d9_p6,q_d9_p7,q_d9_p8,q_d9_p9
argon,0.000000,0.000000,0.000000,0.001894,0.000000,0.000000,0.000000,0.000000,0.000000,0.000000,0.000000,0.000000,0.000000,0.005682,0.000000,0.000000,0.000000,0.000000,0.000000,0.000000,0.000000,0.000000,0.000000,0.024621,0.000000,0.000000,0.000000,0.000000,0.000000,0.000000,0.000000,0.000000,0.000000,0.034091,0.000000,0.000000,0.000000,0.000000,0.000000,0.000000,0.000000,0.000000,0.000000,0.064394,0.000000,0.000000,0.000000,0.000000,0.000000,0.000000,0.000000,0.000000,0.000000,0.085227,0.000000,0.000000,0.000000,0.000000,0.000000,0.000000,0.000000,0.000000,0.000000,0.132576,0.000000,0.000000,0.000000,0.000000,0.000000,0.000000,0.000000,0.000000,0.000000,0.166667,0.000000,0.000000,0.000000,0.000000,0.000000,0.000000,0.000000,0.000000,0.000000,0.221591,0.000000,0.000000,0.000000,0.000000,0.000000,0.000000,0.000000,0.000000,0.000000,0.263258,0.000000,0.000000,0.000000,0.000000,0.000000,0.000000,0.000000,0.000000,0.001894,0.000000,0.000000,0.000000,0.000000,0.000000,0.000000,0.000000,0.000000,0.000000,0.005682,0.000000,0.000000,0.000000,0.000000,0.000000,0.000000,0.000000,0.000000,0.000000,0.024621,0.000000,0.000000,0.000000,0.000000,0.000000,0.000000,0.000000,0.000000,0.000000,0.034091,0.000000,0.000000,0.000000,0.000000,0.000000,0.000000,0.000000,0.000000,0.000000,0.064394,0.000000,0.000000,0.000000,0.000000,0.000000,0.000000,0.000000,0.000000,0.000000,0.085227,0.000000,0.000000,0.000000,0.000000,0.000000,0.000000,0.000000,0.000000,0.000000,0.132576,0.000000,0.000000,0.000000,0.000000,0.000000,0.000000,0.000000,0.000000,0.000000,0.166667,0.000000,0.000000,0.000000,0.000000,0.000000,0.000000,0.000000,0.000000,0.000000,0.221591,0.000000,0.000000,0.000000,0.000000,0.000000,0.000000,0.000000,0.000000,0.000000,0.263258,0.000000,0.000000,0.000000,0.000000,0.000000,0.000000,0.000000,0.000000,0.000000,0.000000,0.000000,0.000000,0.001894,0.000000,0.000000,0.000000,0.000000,0.000000,0.000000,0.000000,0.000000,0.000000,0.005682,0.000000,0.000000,0.000000,0.000000,0.000000,0.000000,0.000000,0.000000,0.000000,0.024621,0.000000,0.000000,0.000000,0.000000,0.000000,0.000000,0.000000,0.000000,0.000000,0.034091,0.000000,0.000000,0.000000,0.000000,0.000000,0.000000,0.000000,0.000000,0.000000,0.064394,0.000000,0.000000,0.000000,0.000000,0.000000,0.000000,0.000000,0.000000,0.000000,0.085227,0.000000,0.000000,0.000000,0.000000,0.000000,0.000000,0.000000,0.000000,0.000000,0.132576,0.000000,0.000000,0.000000,0.000000,0.000000,0.000000,0.000000,0.000000,0.000000,0.166667,0.000000,0.000000,0.000000,0.000000,0.000000,0.000000,0.000000,0.000000,0.000000,0.221591,0.000000,0.000000,0.000000,0.000000,0.000000,0.000000,0.000000,0.000000,0.000000,0.263258,0.000000,0.000000,0.000000,0.000000
benzene,0.009103,0.000000,0.000000,0.000000,0.000000,0.000000,0.000000,0.000000,0.000000,0.000000,0.020806,0.000000,0.000000,0.000000,0.000000,0.000000,0.000000,0.000000,0.000000,0.000000,0.037711,0.000000,0.000000,0.000000,0.000000,0.000000,0.000000,0.000000,0.000000,0.000000,0.055917,0.000000,0.000000,0.000000,0.000000,0.000000,0.000000,0.000000,0.000000,0.000000,0.083225,0.000000,0.000000,0.000000,0.000000,0.000000,0.000000,0.000000,0.000000,0.000000,0.107607,0.000000,0.000000,0.000000,0.000000,0.000000,0.000000,0.000000,0.000000,0.000000,0.139467,0.000000,0.000000,0.000000,0.000000,0.000000,0.000000,0.000000,0.000000,0.000000,0.180754,0.000000,0.000000,0.000000,0.000000,0.000000,0.000000,0.000000,0.000000,0.000000,0.179454,0.000000,0.000000,0.000000,0.000000,0.000000,0.000000,0.000000,0.000000,0.000000,0.185956,0.000000,0.000000,0.000000,0.000000,0.000000,0.000000,0.000000,0.000000,0.000000,0.005202,0.000000,0.000000,0.003901,0.000000,0.000000,0.000000,0.000000,0.000000,0.000000,0.016905,0.000000,0.000000,0.003901,0.000000,0.000000,0.000000,0.000000,0.000000,0.000000,0.033810,0.000000,0.000000,0.003901,0.000000,0.000000,0.000000,0.000000,0.000000,0.000000,0.052016,0.000000,0.000000,0.003901,0.000000,0.000000,0.000000,0.000000,0.000000,0.000000,0.079324,0.000000,0.000000,0.003901,0.000000,0.000000,0.000000,0.000000,0.000000,0.000000,0.103706,0.000000,0.000000,0.003901,0.000000,0.000000,0.000000,0.000000,0.000000,0.000000,0.135566,0.000000,0.000000,0.003901,0.000000,0.000000,0.000000,0.000000,0.000000,0.000000,0.176853,0.000000,0.000000,0.003901,0.000000,0.000000,0.000000,0.000000,0.000000,0.000000,0.175553,0.000000,0.000000,0.003901,0.000000,0.000000,0.000000,0.000000,0.000000,0.000000,0.182055,0.000000,0.000000,0.003901,0.000000,0.000000,0.000000,0.000000,0.000000,0.000000,0.000000,0.000000,0.000000,0.000000,0.003901,0.005202,0.000000,0.000000,0.000000,0.000000,0.000000,0.000000,0.000000,0.000000,0.003901,0.016905,0.000000,0.000000,0.000000,0.000000,0.000000,0.000000,0.000000,0.000000,0.003901,0.033810,0.000000,0.000000,0.000000,0.000000,0.000000,0.000000,0.000000,0.000000,0.003901,0.052016,0.000000,0.000000,0.000000,0.000000,0.000000,0.000000,0.000000,0.000000,0.003901,0.079324,0.000000,0.000000,0.000000,0.000000,0.000000,0.000000,0.000000,0.000000,0.003901,0.103706,0.000000,0.000000,0.000000,0.000000,0.000000,0.000000,0.000000,0.000000,0.003901,0.135566,0.000000,0.000000,0.000000,0.000000,0.000000,0.000000,0.000000,0.000000,0.003901,0.176853,0.000000,0.000000,0.000000,0.000000,0.000000,0.000000,0.000000,0.000000,0.003901,0.175553,0.000000,0.000000,0.000000,0.000000,0.000000,0.000000,0.000000,0.000000,0.003901,0.182055,0.000000,0.000000,0.000000,0.000000
butane,0.000000,0.000756,0.003026,0.000000,0.000000,0.000000,0.000000,0.000000,0.000000,0.000000,0.000000,0.005295,0.006808,0.000000,0.000000,0.000000,0.000000,0.000000,0.000000,0.000000,0.000000,0.009834,0.020424,0.000000,0.000000,0.000000,0.000000,0.000000,0.000000,0.000000,0.000000,0.012859,0.034796,0.000000,0.000000,0.000000,0.000000,0.000000,0.000000,0.000000,0.000000,0.020424,0.047655,0.000000,0.000000,0.000000,0.000000,0.000000,0.000000,0.000000,0.000000,0.024962,0.077156,0.000000,0.000000,0.000000,0.000000,0.000000,0.000000,0.000000,0.000000,0.035552,0.094554,0.000000,0.000000,0.000000,0.000000,0.000000,0.000000,0.000000,0.000000,0.041604,0.134644,0.000000,0.000000,0.000000,0.000000,0.000000,0.000000,0.000000,0.000000,0.053707,0.148260,0.000000,0.000000,0.000000,0.000000,0.000000,0.000000,0.000000,0.000000,0.064297,0.163389,0.000000,0.000000,0.000000,0.000000,0.000000,0.000000,0.000000,0.000000,0.000000,0.000000,0.003026,0.000756,0.000000,0.000000,0.000000,0.000000,0.000000,0.000000,0.000000,0.000000,0.006808,0.005295,0.000000,0.000000,0.000000,0.000000,0.000000,0.000000,0.000000,0.000000,0.020424,0.009834,0.000000,0.000000,0.000000,0.000000,0.000000,0.000000,0.000000,0.000000,0.034796,0.012859,0.000000,0.000000,0.000000,0.000000,0.000000,0.000000,0.000000,0.000000,0.047655,0.020424,0.000000,0.000000,0.000000,0.000000,0.000000,0.000000,0.000000,0.000000,0.077156,0.024962,0.000000,0.000000,0.000000,0.000000,0.000000,0.000000,0.000000,0.000000,0.094554,0.035552,0.000000,0.000000,0.000000,0.000000,0.000000,0.000000,0.000000,0.000000,0.134644,0.041604,0.000000,0.000000,0.000000,0.000000,0.000000,0.000000,0.000000,0.000000,0.148260,0.053707,0.000000,0.000000,0.000000,0.000000,0.000000,0.000000,0.000000,0.000000,0.163389,0.064297,0.000000,0.000000,0.000000,0.000000,0.000000,0.000000,0.000000,0.000000,0.000000,0.000000,0.003782,0.000000,0.000000,0.000000,0.000000,0.000000,0.000000,0.000000,0.000000,0.000000,0.012103,0.000000,0.000000,0.000000,0.000000,0.000000,0.000000,0.000000,0.000000,0.000000,0.030257,0.000000,0.000000,0.000000,0.000000,0.000000,0.000000,0.000000,0.000000,0.000000,0.047655,0.000000,0.000000,0.000000,0.000000,0.000000,0.000000,0.000000,0.000000,0.000000,0.068079,0.000000,0.000000,0.000000,0.000000,0.000000,0.000000,0.000000,0.000000,0.000000,0.102118,0.000000,0.000000,0.000000,0.000000,0.000000,0.000000,0.000000,0.000000,0.000000,0.130106,0.000000,0.000000,0.000000,0.000000,0.000000,0.000000,0.000000,0.000000,0.000000,0.176248,0.000000,0.000000,0.000000,0.000000,0.000000,0.000000,0.000000,0.000000,0.000000,0.201967,0.000000,0.000000,0.000000,0.000000,0.000000,0.000000,0.000000,0.000000,0.000000,0.227685,0.000000,0.000000,0.000000,0.000000
co,0.000000,0.001759,0.000000,0.000000,0.000000,0.000000,0.000000,0.000000,0.000000,0.000000,0.000000,0.009675,0.000000,0.000000,0.000000,0.000000,0.000000,0.000000,0.000000,0.000000,0.000000,0.021108,0.000000,0.000000,0.000000,0.000000,0.000000,0.000000,0.000000,0.000000,0.000000,0.041337,0.000000,0.000000,0.000000,0.000000,0.000000,0.000000,0.000000,0.000000,0.000000,0.062445,0.000000,0.000000,0.000000,0.000000,0.000000,0.000000,0.000000,0.000000,0.000000,0.089710,0.000000,0.000000,0.000000,0.000000,0.000000,0.000000,0.000000,0.000000,0.000000,0.131926,0.000000,0.000000,0.000000,0.000000,0.000000,0.000000,0.000000,0.000000,0.000000,0.166227,0.000000,0.000000,0.000000,0.000000,0.000000,0.000000,0.000000,0.000000,0.000000,0.215479,0.000000,0.000000,0.000000,0.000000,0.000000,0.000000,0.000000,0.000000,0.000000,0.260334,0.000000,0.000000,0.000000,0.000000,0.000000,0.000000,0.000000,0.000000,0.000000,0.000000,0.000880,0.000880,0.000000,0.000000,0.000000,0.000000,0.000000,0.000000,0.000000,0.000000,0.004398,0.005277,0.000000,0.000000,0.000000,0.000000,0.000000,0.000000,0.000000,0.000000,0.010554,0.010554,0.000000,0.000000,0.000000,0.000000,0.000000,0.000000,0.000000,0.000000,0.019349,0.021988,0.000000,0.000000,0.000000,0.000000,0.000000,0.000000,0.000000,0.000000,0.032542,0.029903,0.000000,0.000000,0.000000,0.000000,0.000000,0.000000,0.000000,0.000000,0.042216,0.047493,0.000000,0.000000,0.000000,0.000000,0.000000,0.000000,0.000000,0.000000,0.066843,0.065084,0.000000,0.000000,0.000000,0.000000,0.000000,0.000000,0.000000,0.000000,0.083553,0.082674,0.000000,0.000000,0.000000,0.000000,0.000000,0.000000,0.000000,0.000000,0.102902,0.112577,0.000000,0.000000,0.000000,0.000000,0.000000,0.000000,0.000000,0.000000,0.132806,0.127529,0.000000,0.000000,0.000000,0.000000,0.000000,0.000000,0.000000,0.000860,0.000000,0.000000,0.000860,0.000000,0.000000,0.000000,0.000000,0.000860,0.000000,0.002580,0.000000,0.000000,0.004299,0.000000,0.000000,0.000000,0.000000,0.001720,0.000000,0.011178,0.000000,0.000000,0.010318,0.000000,0.000000,0.000000,0.000000,0.004299,0.000000,0.015477,0.000000,0.000000,0.018917,0.000000,0.000000,0.000000,0.000000,0.004299,0.000000,0.029235,0.000000,0.000000,0.031814,0.000000,0.000000,0.000000,0.000000,0.006019,0.000000,0.038693,0.000000,0.000000,0.041273,0.000000,0.000000,0.000000,0.000000,0.006879,0.000000,0.060189,0.000000,0.000000,0.065348,0.000000,0.000000,0.000000,0.000000,0.009458,0.000000,0.075666,0.000000,0.000000,0.081685,0.000000,0.000000,0.000000,0.000000,0.011178,0.000000,0.098022,0.000000,0.000000,0.100602,0.000000,0.000000,0.000000,0.000000,0.010318,0.000000,0.115219,0.000000,0.000000,0.129837,0.000000,0.000000,0.000000,0.000000,0.012898
co2,0.001658,0.000000,0.001658,0.000000,0.000000,0.000000,0.000000,0.000000,0.000000,0.000000,0.003317,0.000000,0.004975,0.000000,0.000000,0.000000,0.000000,0.000000,0.000000,0.000000,0.008292,0.000000,0.021559,0.000000,0.000000,0.000000,0.000000,0.000000,0.000000,0.000000,0.008292,0.000000,0.031509,0.000000,0.000000,0.000000,0.000000,0.000000,0.000000,0.000000,0.011609,0.000000,0.054726,0.000000,0.000000,0.000000,0.000000,0.000000,0.000000,0.000000,0.013267,0.000000,0.082919,0.000000,0.000000,0.000000,0.000000,0.000000,0.000000,0.000000,0.018242,0.000000,0.111111,0.000000,0.000000,0.000000,0.000000,0.000000,0.000000,0.000000,0.021559,0.000000,0.155887,0.000000,0.000000,0.000000,0.000000,0.000000,0.000000,0.000000,0.019900,0.000000,0.185738,0.000000,0.000000,0.000000,0.000000,0.000000,0.000000,0.000000,0.024876,0.000000,0.218905,0.000000,0.000000,0.000000,0.000000,0.000000,0.000000,0.000000,0.000000,0.001658,0.001658,0.000000,0.000000,0.000000,0.000000,0.000000,0.000000,0.000000,0.000000,0.003317,0.004975,0.000000,0.000000,0.000000,0.000000,0.000000,0.000000,0.000000,0.000000,0.008292,0.021559,0.000000,0.000000,0.000000,0.000000,0.000000,0.000000,0.000000,0.000000,0.008292,0.031509,0.000000,0.000000,0.000000,0.000000,0.000000,0.000000,0.000000,0.000000,0.011609,0.054726,0.000000,0.000000,0.000000,0.000000,0.000000,0.000000,0.000000,0.000000,0.013267,0.082919,0.000000,0.000000,0.000000,0.000000,0.000000,0.000000,0.000000,0.000000,0.018242,0.111111,0.000000,0.000000,0.000000,0.000000,0.000000,0.000000,0.000000,0.000000,0.021559,0.155887,0.000000,0.000000,0.000000,0.000000,0.000000,0.000000,0.000000,0.000000,0.019900,0.185738,0.000000,0.000000,0.000000,0.000000,0.000000,0.000000,0.000000,0.000000,0.024876,0.218905,0.000000,0.000000,0.000000,0.000000,0.000000,0.000000,0.000000,0.000000,0.000000,0.000000,0.001658,0.000000,0.000000,0.000000,0.000000,0.001658,0.000000,0.000000,0.000000,0.000000,0.004975,0.000000,0.000000,0.000000,0.000000,0.003317,0.000000,0.000000,0.000000,0.000000,0.021559,0.000000,0.000000,0.000000,0.000000,0.008292,0.000000,0.000000,0.000000,0.000000,0.031509,0.000000,0.000000,0.000000,0.000000,0.008292,0.000000,0.000000,0.000000,0.000000,0.054726,0.000000,0.000000,0.000000,0.000000,0.011609,0.000000,0.000000,0.000000,0.000000,0.082919,0.000000,0.000000,0.000000,0.000000,0.013267,0.000000,0.000000,0.000000,0.000000,0.111111,0.000000,0.000000,0.000000,0.000000,0.018242,0.000000,0.000000,0.000000,0.000000,0.155887,0.000000,0.000000,0.000000,0.000000,0.021559,0.000000,0.000000,0.000000,0.000000,0.185738,0.000000,0.000000,0.000000,0.000000,0.019900,0.000000,0.000000,0.000000,0.000000,0.218905,0.000000,0.000000,0.000000,0.000000,0.024876,0.000000
dmf,0.006899,0.000986,0.000000,0.000000,0.000000,0.000000,0.000000,0.000000,0.000000,0.000000,0.021025,0.000329,0.000000,0.000000,0.000000,0.000000,0.000000,0.000000,0.000000,0.000000,0.034494,0.000329,0.000000,0.000000,0.000000,0.000000,0.000000,0.000000,0.000000,0.000000,0.059461,0.000329,0.000000,0.000000,0.000000,0.000000,0.000000,0.000000,0.000000,0.000000,0.078844,0.000000,0.000000,0.000000,0.000000,0.000000,0.000000,0.000000,0.000000,0.000000,0.107753,0.000000,0.000000,0.000000,0.000000,0.000000,0.000000,0.000000,0.000000,0.000000,0.140933,0.000000,0.000000,0.000000,0.000000,0.000000,0.000000,0.000000,0.000000,0.000000,0.173127,0.000000,0.000000,0.000000,0.000000,0.000000,0.000000,0.000000,0.000000,0.000000,0.198095,0.000000,0.000000,0.000000,0.000000,0.000000,0.000000,0.000000,0.000000,0.000000,0.177398,0.000000,0.000000,0.000000,0.000000,0.000000,0.000000,0.000000,0.000000,0.000000,0.004928,0.000000,0.002957,0.000000,0.000000,0.000000,0.000000,0.000000,0.000000,0.000000,0.017083,0.000000,0.004271,0.000000,0.000000,0.000000,0.000000,0.000000,0.000000,0.000000,0.029895,0.000000,0.004928,0.000000,0.000000,0.000000,0.000000,0.000000,0.000000,0.000000,0.048949,0.000000,0.010841,0.000000,0.000000,0.000000,0.000000,0.000000,0.000000,0.000000,0.068331,0.000000,0.010512,0.000000,0.000000,0.000000,0.000000,0.000000,0.000000,0.000000,0.089685,0.000000,0.018068,0.000000,0.000000,0.000000,0.000000,0.000000,0.000000,0.000000,0.118594,0.000000,0.022339,0.000000,0.000000,0.000000,0.000000,0.000000,0.000000,0.000000,0.144547,0.000000,0.028581,0.000000,0.000000,0.000000,0.000000,0.000000,0.000000,0.000000,0.164586,0.000000,0.033509,0.000000,0.000000,0.000000,0.000000,0.000000,0.000000,0.000000,0.149474,0.000000,0.027924,0.000000,0.000000,0.000000,0.000000,0.000000,0.000000,0.000000,0.000657,0.000000,0.000000,0.001314,0.000000,0.005585,0.000000,0.000329,0.000000,0.000000,0.001314,0.000000,0.000000,0.002628,0.000000,0.017083,0.000000,0.000329,0.000000,0.000000,0.000000,0.000000,0.000000,0.004599,0.000000,0.029895,0.000000,0.000329,0.000000,0.000000,0.000000,0.000000,0.000000,0.010512,0.000000,0.048949,0.000000,0.000329,0.000000,0.000000,0.000000,0.000000,0.000000,0.010512,0.000000,0.068331,0.000000,0.000000,0.000000,0.000000,0.000000,0.000000,0.000000,0.018068,0.000000,0.089685,0.000000,0.000000,0.000000,0.000000,0.000000,0.000000,0.000000,0.022339,0.000000,0.118594,0.000000,0.000000,0.000000,0.000000,0.000000,0.000000,0.000000,0.028581,0.000000,0.144547,0.000000,0.000000,0.000000,0.000000,0.000000,0.000000,0.000000,0.033509,0.000000,0.164586,0.000000,0.000000,0.000000,0.000000,0.000000,0.000000,0.000000,0.027924,0.000000,0.149474,0.000000,0.000000,0.000000,0.000000
ethane,0.000000,0.000000,0.001715,0.000000,0.000000,0.000000,0.000000,0.000000,0.000000,0.000000,0.000000,0.000000,0.010292,0.000000,0.000000,0.000000,0.000000,0.000000,0.000000,0.000000,0.000000,0.000000,0.020583,0.000000,0.000000,0.000000,0.000000,0.000000,0.000000,0.000000,0.000000,0.000000,0.046312,0.000000,0.000000,0.000000,0.000000,0.000000,0.000000,0.000000,0.000000,0.000000,0.058319,0.000000,0.000000,0.000000,0.000000,0.000000,0.000000,0.000000,0.000000,0.000000,0.097770,0.000000,0.000000,0.000000,0.000000,0.000000,0.000000,0.000000,0.000000,0.000000,0.125214,0.000000,0.000000,0.000000,0.000000,0.000000,0.000000,0.000000,0.000000,0.000000,0.169811,0.000000,0.000000,0.000000,0.000000,0.000000,0.000000,0.000000,0.000000,0.000000,0.212693,0.000000,0.000000,0.000000,0.000000,0.000000,0.000000,0.000000,0.000000,0.000000,0.257290,0.000000,0.000000,0.000000,0.000000,0.000000,0.000000,0.000000,0.000000,0.000000,0.000000,0.001715,0.000000,0.000000,0.000000,0.000000,0.000000,0.000000,0.000000,0.000000,0.000000,0.010292,0.000000,0.000000,0.000000,0.000000,0.000000,0.000000,0.000000,0.000000,0.000000,0.020583,0.000000,0.000000,0.000000,0.000000,0.000000,0.000000,0.000000,0.000000,0.000000,0.046312,0.000000,0.000000,0.000000,0.000000,0.000000,0.000000,0.000000,0.000000,0.000000,0.058319,0.000000,0.000000,0.000000,0.000000,0.000000,0.000000,0.000000,0.000000,0.000000,0.097770,0.000000,0.000000,0.000000,0.000000,0.000000,0.000000,0.000000,0.000000,0.000000,0.125214,0.000000,0.000000,0.000000,0.000000,0.000000,0.000000,0.000000,0.000000,0.000000,0.169811,0.000000,0.000000,0.000000,0.000000,0.000000,0.000000,0.000000,0.000000,0.000000,0.212693,0.000000,0.000000,0.000000,0.000000,0.000000,0.000000,0.000000,0.000000,0.000000,0.257290,0.000000,0.000000,0.000000,0.000000,0.000000,0.000000,0.000000,0.000000,0.000000,0.000000,0.000000,0.001715,0.000000,0.000000,0.000000,0.000000,0.000000,0.000000,0.000000,0.000000,0.000000,0.010292,0.000000,0.000000,0.000000,0.000000,0.000000,0.000000,0.000000,0.000000,0.000000,0.020583,0.000000,0.000000,0.000000,0.000000,0.000000,0.000000,0.000000,0.000000,0.000000,0.046312,0.000000,0.000000,0.000000,0.000000,0.000000,0.000000,0.000000,0.000000,0.000000,0.058319,0.000000,0.000000,0.000000,0.000000,0.000000,0.000000,0.000000,0.000000,0.000000,0.097770,0.000000,0.000000,0.000000,0.000000,0.000000,0.000000,0.000000,0.000000,0.000000,0.125214,0.000000,0.000000,0.000000,0.000000,0.000000,0.000000,0.000000,0.000000,0.000000,0.169811,0.000000,0.000000,0.000000,0.000000,0.000000,0.000000,0.000000,0.000000,0.000000,0.212693,0.000000,0.000000,0.000000,0.000000,0.000000,0.000000,0.000000,0.000000,0.000000,0.257290,0.000000,0.000000,0.000000,0.000000
ethanol,0.000000,0.000802,0.002005,0.000000,0.000000,0.000000,0.000000,0.000000,0.000000,0.000000,0.000000,0.003208,0.008019,0.000000,0.000000,0.000000,0.000000,0.000000,0.000000,0.000000,0.000000,0.006014,0.019246,0.000000,0.000000,0.000000,0.000000,0.000000,0.000000,0.000000,0.000000,0.010024,0.032879,0.000000,0.000000,0.000000,0.000000,0.000000,0.000000,0.000000,0.000000,0.015237,0.052526,0.000000,0.000000,0.000000,0.000000,0.000000,0.000000,0.000000,0.000000,0.018845,0.077787,0.000000,0.000000,0.000000,0.000000,0.000000,0.000000,0.000000,0.000000,0.028869,0.099439,0.000000,0.000000,0.000000,0.000000,0.000000,0.000000,0.000000,0.000000,0.034082,0.134322,0.000000,0.000000,0.000000,0.000000,0.000000,0.000000,0.000000,0.000000,0.044106,0.164796,0.000000,0.000000,0.000000,0.000000,0.000000,0.000000,0.000000,0.000000,0.052526,0.195269,0.000000,0.000000,0.000000,0.000000,0.000000,0.000000,0.000000,0.000000,0.000802,0.000000,0.001203,0.000802,0.000000,0.000000,0.000000,0.000000,0.000000,0.000000,0.004010,0.000000,0.004010,0.003208,0.000000,0.000000,0.000000,0.000000,0.000000,0.000000,0.009222,0.000000,0.010024,0.006014,0.000000,0.000000,0.000000,0.000000,0.000000,0.000000,0.016439,0.000000,0.016439,0.010024,0.000000,0.000000,0.000000,0.000000,0.000000,0.000000,0.025261,0.000000,0.027265,0.015237,0.000000,0.000000,0.000000,0.000000,0.000000,0.000000,0.038091,0.000000,0.039695,0.018845,0.000000,0.000000,0.000000,0.000000,0.000000,0.000000,0.047715,0.000000,0.051724,0.028869,0.000000,0.000000,0.000000,0.000000,0.000000,0.000000,0.066560,0.000000,0.067763,0.034082,0.000000,0.000000,0.000000,0.000000,0.000000,0.000000,0.080192,0.000000,0.084603,0.044106,0.000000,0.000000,0.000000,0.000000,0.000000,0.000000,0.097033,0.000000,0.098236,0.052526,0.000000,0.000000,0.000000,0.000000,0.000000,0.000000,0.000000,0.000776,0.000000,0.000000,0.001165,0.000776,0.000776,0.000000,0.000000,0.000000,0.000000,0.001941,0.000000,0.000000,0.003882,0.002717,0.003494,0.000000,0.000000,0.000000,0.000000,0.003882,0.000000,0.000000,0.009705,0.004658,0.008929,0.000000,0.000000,0.000000,0.000000,0.005435,0.000000,0.000000,0.015916,0.008152,0.015140,0.000000,0.000000,0.000000,0.000000,0.009705,0.000000,0.000000,0.026398,0.012422,0.022127,0.000000,0.000000,0.000000,0.000000,0.012034,0.000000,0.000000,0.038432,0.013975,0.034161,0.000000,0.000000,0.000000,0.000000,0.015140,0.000000,0.000000,0.050078,0.020575,0.045031,0.000000,0.000000,0.000000,0.000000,0.020575,0.000000,0.000000,0.065606,0.023680,0.059006,0.000000,0.000000,0.000000,0.000000,0.023680,0.000000,0.000000,0.081910,0.030668,0.070652,0.000000,0.000000,0.000000,0.000000,0.030668,0.000000,0.000000,0.095109,0.036102,0.074922,0.000000,0.000000
h2,0.000000,0.001894,0.000000,0.000000,0.000000,0.000000,0.000000,0.000000,0.000000,0.000000,0.000000,0.005682,0.000000,0.000000,0.000000,0.000000,0.000000,0.000000,0.000000,0.000000,0.000000,0.024621,0.000000,0.000000,0.000000,0.000000,0.000000,0.000000,0.000000,0.000000,0.000000,0.034091,0.000000,0.000000,0.000000,0.000000,0.000000,0.000000,0.000000,0.000000,0.000000,0.064394,0.000000,0.000000,0.000000,0.000000,0.000000,0.000000,0.000000,0.000000,0.000000,0.085227,0.000000,0.000000,0.000000,0.000000,0.000000,0.000000,0.000000,0.000000,0.000000,0.132576,0.000000,0.000000,0.000000,0.000000,0.000000,0.000000,0.000000,0.000000,0.000000,0.166667,0.000000,0.000000,0.000000,0.000000,0.000000,0.000000,0.000000,0.000000,0.000000,0.221591,0.000000,0.000000,0.000000,0.000000,0.000000,0.000000,0.000000,0.000000,0.000000,0.263258,0.000000,0.000000,0.000000,0.000000,0.000000,0.000000,0.000000,0.000000,0.000000,0.001894,0.000000,0.000000,0.000000,0.000000,0.000000,0.000000,0.000000,0.000000,0.000000,0.005682,0.000000,0.000000,0.000000,0.000000,0.000000,0.000000,0.000000,0.000000,0.000000,0.024621,0.000000,0.000000,0.000000,0.000000,0.000000,0.000000,0.000000,0.000000,0.000000,0.034091,0.000000,0.000000,0.000000,0.000000,0.000000,0.000000,0.000000,0.000000,0.000000,0.064394,0.000000,0.000000,0.000000,0.000000,0.000000,0.000000,0.000000,0.000000,0.000000,0.085227,0.000000,0.000000,0.000000,0.000000,0.000000,0.000000,0.000000,0.000000,0.000000,0.132576,0.000000,0.000000,0.000000,0.000000,0.000000,0.000000,0.000000,0.000000,0.000000,0.166667,0.000000,0.000000,0.000000,0.000000,0.000000,0.000000,0.000000,0.000000,0.000000,0.221591,0.000000,0.000000,0.000000,0.000000,0.000000,0.000000,0.000000,0.000000,0.000000,0.263258,0.000000,0.000000,0.000000,0.000000,0.000000,0.000000,0.000000,0.000000,0.000000,0.000000,0.000000,0.000000,0.000000,0.000000,0.000000,0.001812,0.000000,0.000000,0.000000,0.000000,0.000000,0.000000,0.000000,0.000000,0.000000,0.009058,0.000000,0.000000,0.000000,0.000000,0.000000,0.000000,0.000000,0.000000,0.000000,0.019928,0.000000,0.000000,0.000000,0.000000,0.000000,0.000000,0.000000,0.000000,0.000000,0.038043,0.000000,0.000000,0.000000,0.000000,0.000000,0.000000,0.000000,0.000000,0.000000,0.063406,0.000000,0.000000,0.000000,0.000000,0.000000,0.000000,0.000000,0.000000,0.000000,0.090580,0.000000,0.000000,0.000000,0.000000,0.000000,0.000000,0.000000,0.000000,0.000000,0.125000,0.000000,0.000000,0.000000,0.000000,0.000000,0.000000,0.000000,0.000000,0.000000,0.177536,0.000000,0.000000,0.000000,0.000000,0.000000,0.000000,0.000000,0.000000,0.000000,0.211957,0.000000,0.000000,0.000000,0.000000,0.000000,0.000000,0.000000,0.000000,0.000000,0.262681,0.000000,0.000000
h2s,0.000000,0.003298,0.000000,0.000824,0.000000,0.000000,0.000000,0.000000,0.000000,0.000000,0.000000,0.007420,0.000000,0.001649,0.000000,0.000000,0.000000,0.000000,0.000000,0.000000,0.000000,0.018961,0.000000,0.006595,0.000000,0.000000,0.000000,0.000000,0.000000,0.000000,0.000000,0.037098,0.000000,0.009068,0.000000,0.000000,0.000000,0.000000,0.000000,0.000000,0.000000,0.046991,0.000000,0.016488,0.000000,0.000000,0.000000,0.000000,0.000000,0.000000,0.000000,0.075845,0.000000,0.020610,0.000000,0.000000,0.000000,0.000000,0.000000,0.000000,0.000000,0.094806,0.000000,0.032152,0.000000,0.000000,0.000000,0.000000,0.000000,0.000000,0.000000,0.131904,0.000000,0.041220,0.000000,0.000000,0.000000,0.000000,0.000000,0.000000,0.000000,0.164880,0.000000,0.050289,0.000000,0.000000,0.000000,0.000000,0.000000,0.000000,0.000000,0.176422,0.000000,0.063479,0.000000,0.000000,0.000000,0.000000,0.000000,0.000000,0.003298,0.000000,0.000000,0.000824,0.000000,0.000000,0.000000,0.000000,0.000000,0.000000,0.007420,0.000000,0.000000,0.001649,0.000000,0.000000,0.000000,0.000000,0.000000,0.000000,0.018961,0.000000,0.000000,0.006595,0.000000,0.000000,0.000000,0.000000,0.000000,0.000000,0.037098,0.000000,0.000000,0.009068,0.000000,0.000000,0.000000,0.000000,0.000000,0.000000,0.046991,0.000000,0.000000,0.016488,0.000000,0.000000,0.000000,0.000000,0.000000,0.000000,0.075845,0.000000,0.000000,0.020610,0.000000,0.000000,0.000000,0.000000,0.000000,0.000000,0.094806,0.000000,0.000000,0.032152,0.000000,0.000000,0.000000,0.000000,0.000000,0.000000,0.131904,0.000000,0.000000,0.041220,0.000000,0.000000,0.000000,0.000000,0.000000,0.000000,0.164880,0.000000,0.000000,0.050289,0.000000,0.000000,0.000000,0.000000,0.000000,0.000000,0.176422,0.000000,0.000000,0.063479,0.000000,0.000000,0.000000,0.000000,0.000000,0.000000,0.000000,0.000000,0.000000,0.000824,0.000000,0.000824,0.002473,0.000000,0.000000,0.000000,0.000000,0.000000,0.000000,0.000824,0.000000,0.001649,0.006595,0.000000,0.000000,0.000000,0.000000,0.000000,0.000000,0.000824,0.000000,0.006595,0.018137,0.000000,0.000000,0.000000,0.000000,0.000000,0.000000,0.000618,0.000000,0.009068,0.036480,0.000000,0.000000,0.000000,0.000000,0.000000,0.000000,0.000618,0.000000,0.016488,0.046373,0.000000,0.000000,0.000000,0.000000,0.000000,0.000000,0.000412,0.000000,0.020610,0.075433,0.000000,0.000000,0.000000,0.000000,0.000000,0.000000,0.000412,0.000000,0.032152,0.094394,0.000000,0.000000,0.000000,0.000000,0.000000,0.000000,0.000412,0.000000,0.041220,0.131492,0.000000,0.000000,0.000000,0.000000,0.000000,0.000000,0.000412,0.000000,0.050289,0.164468,0.000000,0.000000,0.000000,0.000000,0.000000,0.000000,0.000412,0.000000,0.063479,0.176010,0.000000,0.000000,0.000000
helium,0.001894,0.000000,0.000000,0.000000,0.000000,0.000000,0.000000,0.000000,0.000000,0.000000,0.005682,0.000000,0.000000,0.000000,0.000000,0.000000,0.000000,0.000000,0.000000,0.000000,0.024621,0.000000,0.000000,0.000000,0.000000,0.000000,0.000000,0.000000,0.000000,0.000000,0.034091,0.000000,0.000000,0.000000,0.000000,0.000000,0.000000,0.000000,0.000000,0.000000,0.064394,0.000000,0.000000,0.000000,0.000000,0.000000,0.000000,0.000000,0.000000,0.000000,0.085227,0.000000,0.000000,0.000000,0.000000,0.000000,0.000000,0.000000,0.000000,0.000000,0.132576,0.000000,0.000000,0.000000,0.000000,0.000000,0.000000,0.000000,0.000000,0.000000,0.166667,0.000000,0.000000,0.000000,0.000000,0.000000,0.000000,0.000000,0.000000,0.000000,0.221591,0.000000,0.000000,0.000000,0.000000,0.000000,0.000000,0.000000,0.000000,0.000000,0.263258,0.000000,0.000000,0.000000,0.000000,0.000000,0.000000,0.000000,0.000000,0.000000,0.000000,0.001894,0.000000,0.000000,0.000000,0.000000,0.000000,0.000000,0.000000,0.000000,0.000000,0.005682,0.000000,0.000000,0.000000,0.000000,0.000000,0.000000,0.000000,0.000000,0.000000,0.024621,0.000000,0.000000,0.000000,0.000000,0.000000,0.000000,0.000000,0.000000,0.000000,0.034091,0.000000,0.000000,0.000000,0.000000,0.000000,0.000000,0.000000,0.000000,0.000000,0.064394,0.000000,0.000000,0.000000,0.000000,0.000000,0.000000,0.000000,0.000000,0.000000,0.085227,0.000000,0.000000,0.000000,0.000000,0.000000,0.000000,0.000000,0.000000,0.000000,0.132576,0.000000,0.000000,0.000000,0.000000,0.000000,0.000000,0.000000,0.000000,0.000000,0.166667,0.000000,0.000000,0.000000,0.000000,0.000000,0.000000,0.000000,0.000000,0.000000,0.221591,0.000000,0.000000,0.000000,0.000000,0.000000,0.000000,0.000000,0.000000,0.000000,0.263258,0.000000,0.000000,0.000000,0.000000,0.000000,0.000000,0.000000,0.000000,0.000000,0.000000,0.000000,0.000000,0.000000,0.001894,0.000000,0.000000,0.000000,0.000000,0.000000,0.000000,0.000000,0.000000,0.000000,0.005682,0.000000,0.000000,0.000000,0.000000,0.000000,0.000000,0.000000,0.000000,0.000000,0.024621,0.000000,0.000000,0.000000,0.000000,0.000000,0.000000,0.000000,0.000000,0.000000,0.034091,0.000000,0.000000,0.000000,0.000000,0.000000,0.000000,0.000000,0.000000,0.000000,0.064394,0.000000,0.000000,0.000000,0.000000,0.000000,0.000000,0.000000,0.000000,0.000000,0.085227,0.000000,0.000000,0.000000,0.000000,0.000000,0.000000,0.000000,0.000000,0.000000,0.132576,0.000000,0.000000,0.000000,0.000000,0.000000,0.000000,0.000000,0.000000,0.000000,0.166667,0.000000,0.000000,0.000000,0.000000,0.000000,0.000000,0.000000,0.000000,0.000000,0.221591,0.000000,0.000000,0.000000,0.000000,0.000000,0.000000,0.000000,0.000000,0.000000,0.263258,0.000000,0.000000,0.000000,0.000000
heptane,0.000000,0.002677,0.001339,0.000000,0.000000,0.000000,0.000000,0.000000,0.000000,0.000000,0.000000,0.013387,0.006693,0.000000,0.000000,0.000000,0.000000,0.000000,0.000000,0.000000,0.000000,0.021419,0.014726,0.000000,0.000000,0.000000,0.000000,0.000000,0.000000,0.000000,0.000000,0.028112,0.025435,0.000000,0.000000,0.000000,0.000000,0.000000,0.000000,0.000000,0.000000,0.041499,0.046185,0.000000,0.000000,0.000000,0.000000,0.000000,0.000000,0.000000,0.000000,0.047523,0.060910,0.000000,0.000000,0.000000,0.000000,0.000000,0.000000,0.000000,0.000000,0.064257,0.078983,0.000000,0.000000,0.000000,0.000000,0.000000,0.000000,0.000000,0.000000,0.071620,0.089023,0.000000,0.000000,0.000000,0.000000,0.000000,0.000000,0.000000,0.000000,0.084337,0.097055,0.000000,0.000000,0.000000,0.000000,0.000000,0.000000,0.000000,0.000000,0.101740,0.103079,0.000000,0.000000,0.000000,0.000000,0.000000,0.000000,0.000000,0.000000,0.000000,0.000000,0.001339,0.002677,0.000000,0.000000,0.000000,0.000000,0.000000,0.000000,0.000000,0.000000,0.006693,0.013387,0.000000,0.000000,0.000000,0.000000,0.000000,0.000000,0.000000,0.000000,0.014726,0.021419,0.000000,0.000000,0.000000,0.000000,0.000000,0.000000,0.000000,0.000000,0.025435,0.028112,0.000000,0.000000,0.000000,0.000000,0.000000,0.000000,0.000000,0.000000,0.046185,0.041499,0.000000,0.000000,0.000000,0.000000,0.000000,0.000000,0.000000,0.000000,0.060910,0.047523,0.000000,0.000000,0.000000,0.000000,0.000000,0.000000,0.000000,0.000000,0.078983,0.064257,0.000000,0.000000,0.000000,0.000000,0.000000,0.000000,0.000000,0.000000,0.089023,0.071620,0.000000,0.000000,0.000000,0.000000,0.000000,0.000000,0.000000,0.000000,0.097055,0.084337,0.000000,0.000000,0.000000,0.000000,0.000000,0.000000,0.000000,0.000000,0.103079,0.101740,0.000000,0.000000,0.000000,0.000000,0.000000,0.000000,0.000000,0.000000,0.000000,0.000000,0.004016,0.000000,0.000000,0.000000,0.000000,0.000000,0.000000,0.000000,0.000000,0.000000,0.020080,0.000000,0.000000,0.000000,0.000000,0.000000,0.000000,0.000000,0.000000,0.000000,0.036145,0.000000,0.000000,0.000000,0.000000,0.000000,0.000000,0.000000,0.000000,0.000000,0.053548,0.000000,0.000000,0.000000,0.000000,0.000000,0.000000,0.000000,0.000000,0.000000,0.087684,0.000000,0.000000,0.000000,0.000000,0.000000,0.000000,0.000000,0.000000,0.000000,0.108434,0.000000,0.000000,0.000000,0.000000,0.000000,0.000000,0.000000,0.000000,0.000000,0.143240,0.000000,0.000000,0.000000,0.000000,0.000000,0.000000,0.000000,0.000000,0.000000,0.160643,0.000000,0.000000,0.000000,0.000000,0.000000,0.000000,0.000000,0.000000,0.000000,0.181392,0.000000,0.000000,0.000000,0.000000,0.000000,0.000000,0.000000,0.000000,0.000000,0.204819,0.000000,0.000000,0.000000,0.000000
krypton,0.000000,0.000000,0.000000,0.000000,0.001894,0.000000,0.000000,0.000000,0.000000,0.000000,0.000000,0.000000,0.000000,0.000000,0.005682,0.000000,0.000000,0.000000,0.000000,0.000000,0.000000,0.000000,0.000000,0.000000,0.024621,0.000000,0.000000,0.000000,0.000000,0.000000,0.000000,0.000000,0.000000,0.000000,0.034091,0.000000,0.000000,0.000000,0.000000,0.000000,0.000000,0.000000,0.000000,0.000000,0.064394,0.000000,0.000000,0.000000,0.000000,0.000000,0.000000,0.000000,0.000000,0.000000,0.085227,0.000000,0.000000,0.000000,0.000000,0.000000,0.000000,0.000000,0.000000,0.000000,0.132576,0.000000,0.000000,0.000000,0.000000,0.000000,0.000000,0.000000,0.000000,0.000000,0.166667,0.000000,0.000000,0.000000,0.000000,0.000000,0.000000,0.000000,0.000000,0.000000,0.221591,0.000000,0.000000,0.000000,0.000000,0.000000,0.000000,0.000000,0.000000,0.000000,0.263258,0.000000,0.000000,0.000000,0.000000,0.000000,0.000000,0.000000,0.000000,0.001894,0.000000,0.000000,0.000000,0.000000,0.000000,0.000000,0.000000,0.000000,0.000000,0.005682,0.000000,0.000000,0.000000,0.000000,0.000000,0.000000,0.000000,0.000000,0.000000,0.024621,0.000000,0.000000,0.000000,0.000000,0.000000,0.000000,0.000000,0.000000,0.000000,0.034091,0.000000,0.000000,0.000000,0.000000,0.000000,0.000000,0.000000,0.000000,0.000000,0.064394,0.000000,0.000000,0.000000,0.000000,0.000000,0.000000,0.000000,0.000000,0.000000,0.085227,0.000000,0.000000,0.000000,0.000000,0.000000,0.000000,0.000000,0.000000,0.000000,0.132576,0.000000,0.000000,0.000000,0.000000,0.000000,0.000000,0.000000,0.000000,0.000000,0.166667,0.000000,0.000000,0.000000,0.000000,0.000000,0.000000,0.000000,0.000000,0.000000,0.221591,0.000000,0.000000,0.000000,0.000000,0.000000,0.000000,0.000000,0.000000,0.000000,0.263258,0.000000,0.000000,0.000000,0.000000,0.000000,0.000000,0.000000,0.000000,0.000000,0.000000,0.000000,0.001894,0.000000,0.000000,0.000000,0.000000,0.000000,0.000000,0.000000,0.000000,0.000000,0.005682,0.000000,0.000000,0.000000,0.000000,0.000000,0.000000,0.000000,0.000000,0.000000,0.024621,0.000000,0.000000,0.000000,0.000000,0.000000,0.000000,0.000000,0.000000,0.000000,0.034091,0.000000,0.000000,0.000000,0.000000,0.000000,0.000000,0.000000,0.000000,0.000000,0.064394,0.000000,0.000000,0.000000,0.000000,0.000000,0.000000,0.000000,0.000000,0.000000,0.085227,0.000000,0.000000,0.000000,0.000000,0.000000,0.000000,0.000000,0.000000,0.000000,0.132576,0.000000,0.000000,0.000000,0.000000,0.000000,0.000000,0.000000,0.000000,0.000000,0.166667,0.000000,0.000000,0.000000,0.000000,0.000000,0.000000,0.000000,0.000000,0.000000,0.221591,0.000000,0.000000,0.000000,0.000000,0.000000,0.000000,0.000000,0.000000,0.000000,0.263258,0.000000,0.000000,0.000000,0.000000
methane,0.000000,0.000000,0.000000,0.000000,0.001894,0.000000,0.000000,0.000000,0.000000,0.000000,0.000000,0.000000,0.000000,0.000000,0.005682,0.000000,0.000000,0.000000,0.000000,0.000000,0.000000,0.000000,0.000000,0.000000,0.024621,0.000000,0.000000,0.000000,0.000000,0.000000,0.000000,0.000000,0.000000,0.000000,0.034091,0.000000,0.000000,0.000000,0.000000,0.000000,0.000000,0.000000,0.000000,0.000000,0.064394,0.000000,0.000000,0.000000,0.000000,0.000000,0.000000,0.000000,0.000000,0.000000,0.085227,0.000000,0.000000,0.000000,0.000000,0.000000,0.000000,0.000000,0.000000,0.000000,0.132576,0.000000,0.000000,0.000000,0.000000,0.000000,0.000000,0.000000,0.000000,0.000000,0.166667,0.000000,0.000000,0.000000,0.000000,0.000000,0.000000,0.000000,0.000000,0.000000,0.221591,0.000000,0.000000,0.000000,0.000000,0.000000,0.000000,0.000000,0.000000,0.000000,0.263258,0.000000,0.000000,0.000000,0.000000,0.000000,0.000000,0.000000,0.000000,0.001894,0.000000,0.000000,0.000000,0.000000,0.000000,0.000000,0.000000,0.000000,0.000000,0.005682,0.000000,0.000000,0.000000,0.000000,0.000000,0.000000,0.000000,0.000000,0.000000,0.024621,0.000000,0.000000,0.000000,0.000000,0.000000,0.000000,0.000000,0.000000,0.000000,0.034091,0.000000,0.000000,0.000000,0.000000,0.000000,0.000000,0.000000,0.000000,0.000000,0.064394,0.000000,0.000000,0.000000,0.000000,0.000000,0.000000,0.000000,0.000000,0.000000,0.085227,0.000000,0.000000,0.000000,0.000000,0.000000,0.000000,0.000000,0.000000,0.000000,0.132576,0.000000,0.000000,0.000000,0.000000,0.000000,0.000000,0.000000,0.000000,0.000000,0.166667,0.000000,0.000000,0.000000,0.000000,0.000000,0.000000,0.000000,0.000000,0.000000,0.221591,0.000000,0.000000,0.000000,0.000000,0.000000,0.000000,0.000000,0.000000,0.000000,0.263258,0.000000,0.000000,0.000000,0.000000,0.000000,0.000000,0.000000,0.000000,0.000000,0.000000,0.000000,0.001894,0.000000,0.000000,0.000000,0.000000,0.000000,0.000000,0.000000,0.000000,0.000000,0.005682,0.000000,0.000000,0.000000,0.000000,0.000000,0.000000,0.000000,0.000000,0.000000,0.024621,0.000000,0.000000,0.000000,0.000000,0.000000,0.000000,0.000000,0.000000,0.000000,0.034091,0.000000,0.000000,0.000000,0.000000,0.000000,0.000000,0.000000,0.000000,0.000000,0.064394,0.000000,0.000000,0.000000,0.000000,0.000000,0.000000,0.000000,0.000000,0.000000,0.085227,0.000000,0.000000,0.000000,0.000000,0.000000,0.000000,0.000000,0.000000,0.000000,0.132576,0.000000,0.000000,0.000000,0.000000,0.000000,0.000000,0.000000,0.000000,0.000000,0.166667,0.000000,0.000000,0.000000,0.000000,0.000000,0.000000,0.000000,0.000000,0.000000,0.221591,0.000000,0.000000,0.000000,0.000000,0.000000,0.000000,0.000000,0.000000,0.000000,0.263258,0.000000,0.000000,0.000000,0.000000
methanol,0.000000,0.000000,0.001734,0.000000,0.000000,0.000000,0.000000,0.000000,0.000000,0.000000,0.000000,0.000000,0.010403,0.000000,0.000000,0.000000,0.000000,0.000000,0.000000,0.000000,0.000000,0.000000,0.022107,0.000000,0.000000,0.000000,0.000000,0.000000,0.000000,0.000000,0.000000,0.000000,0.042479,0.000000,0.000000,0.000000,0.000000,0.000000,0.000000,0.000000,0.000000,0.000000,0.061118,0.000000,0.000000,0.000000,0.000000,0.000000,0.000000,0.000000,0.000000,0.000000,0.095362,0.000000,0.000000,0.000000,0.000000,0.000000,0.000000,0.000000,0.000000,0.000000,0.127438,0.000000,0.000000,0.000000,0.000000,0.000000,0.000000,0.000000,0.000000,0.000000,0.167317,0.000000,0.000000,0.000000,0.000000,0.000000,0.000000,0.000000,0.000000,0.000000,0.217599,0.000000,0.000000,0.000000,0.000000,0.000000,0.000000,0.000000,0.000000,0.000000,0.254443,0.000000,0.000000,0.000000,0.000000,0.000000,0.000000,0.000000,0.000000,0.000867,0.000000,0.000867,0.000000,0.000000,0.000000,0.000000,0.000000,0.000000,0.000000,0.005202,0.000000,0.005202,0.000000,0.000000,0.000000,0.000000,0.000000,0.000000,0.000000,0.010837,0.000000,0.011270,0.000000,0.000000,0.000000,0.000000,0.000000,0.000000,0.000000,0.020373,0.000000,0.022107,0.000000,0.000000,0.000000,0.000000,0.000000,0.000000,0.000000,0.030776,0.000000,0.030342,0.000000,0.000000,0.000000,0.000000,0.000000,0.000000,0.000000,0.046381,0.000000,0.048981,0.000000,0.000000,0.000000,0.000000,0.000000,0.000000,0.000000,0.063719,0.000000,0.063719,0.000000,0.000000,0.000000,0.000000,0.000000,0.000000,0.000000,0.082358,0.000000,0.084959,0.000000,0.000000,0.000000,0.000000,0.000000,0.000000,0.000000,0.111400,0.000000,0.106199,0.000000,0.000000,0.000000,0.000000,0.000000,0.000000,0.000000,0.127438,0.000000,0.127005,0.000000,0.000000,0.000000,0.000000,0.000000,0.000000,0.000000,0.000000,0.000830,0.000000,0.000000,0.000000,0.000830,0.001245,0.000000,0.000000,0.000000,0.000000,0.002906,0.000000,0.000000,0.000000,0.004981,0.002906,0.000000,0.000000,0.000000,0.000000,0.005396,0.000000,0.000000,0.000000,0.009963,0.008302,0.000000,0.000000,0.000000,0.000000,0.009132,0.000000,0.000000,0.000000,0.019925,0.015774,0.000000,0.000000,0.000000,0.000000,0.013284,0.000000,0.000000,0.000000,0.026152,0.022831,0.000000,0.000000,0.000000,0.000000,0.021171,0.000000,0.000000,0.000000,0.042756,0.035284,0.000000,0.000000,0.000000,0.000000,0.025737,0.000000,0.000000,0.000000,0.053964,0.046907,0.000000,0.000000,0.000000,0.000000,0.034454,0.000000,0.000000,0.000000,0.071399,0.061851,0.000000,0.000000,0.000000,0.000000,0.043171,0.000000,0.000000,0.000000,0.090909,0.080946,0.000000,0.000000,0.000000,0.000000,0.053964,0.000000,0.000000,0.000000,0.105853,0.087173,0.000000,0.000000
n2,0.000000,0.001767,0.000000,0.000000,0.000000,0.000000,0.000000,0.000000,0.000000,0.000000,0.000000,0.008834,0.000000,0.000000,0.000000,0.000000,0.000000,0.000000,0.000000,0.000000,0.000000,0.021201,0.000000,0.000000,0.000000,0.000000,0.000000,0.000000,0.000000,0.000000,0.000000,0.038869,0.000000,0.000000,0.000000,0.000000,0.000000,0.000000,0.000000,0.000000,0.000000,0.065371,0.000000,0.000000,0.000000,0.000000,0.000000,0.000000,0.000000,0.000000,0.000000,0.086572,0.000000,0.000000,0.000000,0.000000,0.000000,0.000000,0.000000,0.000000,0.000000,0.134276,0.000000,0.000000,0.000000,0.000000,0.000000,0.000000,0.000000,0.000000,0.000000,0.167845,0.000000,0.000000,0.000000,0.000000,0.000000,0.000000,0.000000,0.000000,0.000000,0.213781,0.000000,0.000000,0.000000,0.000000,0.000000,0.000000,0.000000,0.000000,0.000000,0.261484,0.000000,0.000000,0.000000,0.000000,0.000000,0.000000,0.000000,0.000000,0.000000,0.000000,0.001767,0.000000,0.000000,0.000000,0.000000,0.000000,0.000000,0.000000,0.000000,0.000000,0.008834,0.000000,0.000000,0.000000,0.000000,0.000000,0.000000,0.000000,0.000000,0.000000,0.021201,0.000000,0.000000,0.000000,0.000000,0.000000,0.000000,0.000000,0.000000,0.000000,0.038869,0.000000,0.000000,0.000000,0.000000,0.000000,0.000000,0.000000,0.000000,0.000000,0.065371,0.000000,0.000000,0.000000,0.000000,0.000000,0.000000,0.000000,0.000000,0.000000,0.086572,0.000000,0.000000,0.000000,0.000000,0.000000,0.000000,0.000000,0.000000,0.000000,0.134276,0.000000,0.000000,0.000000,0.000000,0.000000,0.000000,0.000000,0.000000,0.000000,0.167845,0.000000,0.000000,0.000000,0.000000,0.000000,0.000000,0.000000,0.000000,0.000000,0.213781,0.000000,0.000000,0.000000,0.000000,0.000000,0.000000,0.000000,0.000000,0.000000,0.261484,0.000000,0.000000,0.000000,0.000000,0.000000,0.000000,0.000000,0.000000,0.000000,0.000000,0.001767,0.000000,0.000000,0.000000,0.000000,0.000000,0.000000,0.000000,0.000000,0.000000,0.008834,0.000000,0.000000,0.000000,0.000000,0.000000,0.000000,0.000000,0.000000,0.000000,0.021201,0.000000,0.000000,0.000000,0.000000,0.000000,0.000000,0.000000,0.000000,0.000000,0.038869,0.000000,0.000000,0.000000,0.000000,0.000000,0.000000,0.000000,0.000000,0.000000,0.065371,0.000000,0.000000,0.000000,0.000000,0.000000,0.000000,0.000000,0.000000,0.000000,0.086572,0.000000,0.000000,0.000000,0.000000,0.000000,0.000000,0.000000,0.000000,0.000000,0.134276,0.000000,0.000000,0.000000,0.000000,0.000000,0.000000,0.000000,0.000000,0.000000,0.167845,0.000000,0.000000,0.000000,0.000000,0.000000,0.000000,0.000000,0.000000,0.000000,0.213781,0.000000,0.000000,0.000000,0.000000,0.000000,0.000000,0.000000,0.000000,0.000000,0.261484,0.000000,0.000000,0.000000,0.000000,0.000000,0.000000
nh3,0.000000,0.000000,0.000000,0.000000,0.000000,0.001890,0.000000,0.000000,0.000000,0.000000,0.000000,0.000000,0.000000,0.000000,0.000000,0.005671,0.000000,0.000000,0.000000,0.000000,0.000000,0.000000,0.000000,0.000000,0.000000,0.022684,0.000000,0.000000,0.000000,0.000000,0.000000,0.000000,0.000000,0.000000,0.000000,0.035917,0.000000,0.000000,0.000000,0.000000,0.000000,0.000000,0.000000,0.000000,0.000000,0.058601,0.000000,0.000000,0.000000,0.000000,0.000000,0.000000,0.000000,0.000000,0.000000,0.090737,0.000000,0.000000,0.000000,0.000000,0.000000,0.000000,0.000000,0.000000,0.000000,0.122873,0.000000,0.000000,0.000000,0.000000,0.000000,0.000000,0.000000,0.000000,0.000000,0.179584,0.000000,0.000000,0.000000,0.000000,0.000000,0.000000,0.000000,0.000000,0.000000,0.207940,0.000000,0.000000,0.000000,0.000000,0.000000,0.000000,0.000000,0.000000,0.000000,0.274102,0.000000,0.000000,0.000000,0.000000,0.000000,0.000000,0.001890,0.000000,0.000000,0.000000,0.000000,0.000000,0.000000,0.000000,0.000000,0.000000,0.005671,0.000000,0.000000,0.000000,0.000000,0.000000,0.000000,0.000000,0.000000,0.000000,0.022684,0.000000,0.000000,0.000000,0.000000,0.000000,0.000000,0.000000,0.000000,0.000000,0.035917,0.000000,0.000000,0.000000,0.000000,0.000000,0.000000,0.000000,0.000000,0.000000,0.058601,0.000000,0.000000,0.000000,0.000000,0.000000,0.000000,0.000000,0.000000,0.000000,0.090737,0.000000,0.000000,0.000000,0.000000,0.000000,0.000000,0.000000,0.000000,0.000000,0.122873,0.000000,0.000000,0.000000,0.000000,0.000000,0.000000,0.000000,0.000000,0.000000,0.179584,0.000000,0.000000,0.000000,0.000000,0.000000,0.000000,0.000000,0.000000,0.000000,0.207940,0.000000,0.000000,0.000000,0.000000,0.000000,0.000000,0.000000,0.000000,0.000000,0.274102,0.000000,0.000000,0.000000,0.000000,0.000000,0.000000,0.000000,0.000000,0.000000,0.000000,0.000000,0.000000,0.000814,0.000000,0.001628,0.000000,0.000000,0.000000,0.000000,0.000000,0.000000,0.000000,0.000814,0.000000,0.010582,0.000000,0.000000,0.000000,0.000000,0.000000,0.000000,0.000000,0.002442,0.000000,0.023199,0.000000,0.000000,0.000000,0.000000,0.000000,0.000000,0.000000,0.003256,0.000000,0.037037,0.000000,0.000000,0.000000,0.000000,0.000000,0.000000,0.000000,0.004884,0.000000,0.063899,0.000000,0.000000,0.000000,0.000000,0.000000,0.000000,0.000000,0.005291,0.000000,0.088319,0.000000,0.000000,0.000000,0.000000,0.000000,0.000000,0.000000,0.009361,0.000000,0.120472,0.000000,0.000000,0.000000,0.000000,0.000000,0.000000,0.000000,0.012210,0.000000,0.158323,0.000000,0.000000,0.000000,0.000000,0.000000,0.000000,0.000000,0.013024,0.000000,0.197802,0.000000,0.000000,0.000000,0.000000,0.000000,0.000000,0.000000,0.016280,0.000000,0.230362,0.000000,0.000000
octane,0.000000,0.003257,0.001303,0.000000,0.000000,0.000000,0.000000,0.000000,0.000000,0.000000,0.000000,0.014332,0.007818,0.000000,0.000000,0.000000,0.000000,0.000000,0.000000,0.000000,0.000000,0.022150,0.016938,0.000000,0.000000,0.000000,0.000000,0.000000,0.000000,0.000000,0.000000,0.028013,0.027362,0.000000,0.000000,0.000000,0.000000,0.000000,0.000000,0.000000,0.000000,0.043648,0.046906,0.000000,0.000000,0.000000,0.000000,0.000000,0.000000,0.000000,0.000000,0.051466,0.062541,0.000000,0.000000,0.000000,0.000000,0.000000,0.000000,0.000000,0.000000,0.067752,0.074267,0.000000,0.000000,0.000000,0.000000,0.000000,0.000000,0.000000,0.000000,0.072313,0.081433,0.000000,0.000000,0.000000,0.000000,0.000000,0.000000,0.000000,0.000000,0.089251,0.083388,0.000000,0.000000,0.000000,0.000000,0.000000,0.000000,0.000000,0.000000,0.108795,0.097068,0.000000,0.000000,0.000000,0.000000,0.000000,0.000000,0.000000,0.000000,0.000000,0.000000,0.001303,0.003257,0.000000,0.000000,0.000000,0.000000,0.000000,0.000000,0.000000,0.000000,0.007818,0.014332,0.000000,0.000000,0.000000,0.000000,0.000000,0.000000,0.000000,0.000000,0.016938,0.022150,0.000000,0.000000,0.000000,0.000000,0.000000,0.000000,0.000000,0.000000,0.027362,0.028013,0.000000,0.000000,0.000000,0.000000,0.000000,0.000000,0.000000,0.000000,0.046906,0.043648,0.000000,0.000000,0.000000,0.000000,0.000000,0.000000,0.000000,0.000000,0.062541,0.051466,0.000000,0.000000,0.000000,0.000000,0.000000,0.000000,0.000000,0.000000,0.074267,0.067752,0.000000,0.000000,0.000000,0.000000,0.000000,0.000000,0.000000,0.000000,0.081433,0.072313,0.000000,0.000000,0.000000,0.000000,0.000000,0.000000,0.000000,0.000000,0.083388,0.089251,0.000000,0.000000,0.000000,0.000000,0.000000,0.000000,0.000000,0.000000,0.097068,0.108795,0.000000,0.000000,0.000000,0.000000,0.000000,0.000000,0.000000,0.000000,0.000000,0.000000,0.004560,0.000000,0.000000,0.000000,0.000000,0.000000,0.000000,0.000000,0.000000,0.000000,0.022150,0.000000,0.000000,0.000000,0.000000,0.000000,0.000000,0.000000,0.000000,0.000000,0.039088,0.000000,0.000000,0.000000,0.000000,0.000000,0.000000,0.000000,0.000000,0.000000,0.055375,0.000000,0.000000,0.000000,0.000000,0.000000,0.000000,0.000000,0.000000,0.000000,0.090554,0.000000,0.000000,0.000000,0.000000,0.000000,0.000000,0.000000,0.000000,0.000000,0.114007,0.000000,0.000000,0.000000,0.000000,0.000000,0.000000,0.000000,0.000000,0.000000,0.142020,0.000000,0.000000,0.000000,0.000000,0.000000,0.000000,0.000000,0.000000,0.000000,0.153746,0.000000,0.000000,0.000000,0.000000,0.000000,0.000000,0.000000,0.000000,0.000000,0.172638,0.000000,0.000000,0.000000,0.000000,0.000000,0.000000,0.000000,0.000000,0.000000,0.205863,0.000000,0.000000,0.000000,0.000000
pentane,0.000000,0.002154,0.001436,0.000000,0.000000,0.000000,0.000000,0.000000,0.000000,0.000000,0.000000,0.008615,0.007897,0.000000,0.000000,0.000000,0.000000,0.000000,0.000000,0.000000,0.000000,0.012204,0.017947,0.000000,0.000000,0.000000,0.000000,0.000000,0.000000,0.000000,0.000000,0.018665,0.029433,0.000000,0.000000,0.000000,0.000000,0.000000,0.000000,0.000000,0.000000,0.026561,0.050969,0.000000,0.000000,0.000000,0.000000,0.000000,0.000000,0.000000,0.000000,0.032304,0.067480,0.000000,0.000000,0.000000,0.000000,0.000000,0.000000,0.000000,0.000000,0.043790,0.098349,0.000000,0.000000,0.000000,0.000000,0.000000,0.000000,0.000000,0.000000,0.047380,0.117732,0.000000,0.000000,0.000000,0.000000,0.000000,0.000000,0.000000,0.000000,0.061019,0.132089,0.000000,0.000000,0.000000,0.000000,0.000000,0.000000,0.000000,0.000000,0.073941,0.150036,0.000000,0.000000,0.000000,0.000000,0.000000,0.000000,0.000000,0.000000,0.000000,0.000000,0.001436,0.002154,0.000000,0.000000,0.000000,0.000000,0.000000,0.000000,0.000000,0.000000,0.007897,0.008615,0.000000,0.000000,0.000000,0.000000,0.000000,0.000000,0.000000,0.000000,0.017947,0.012204,0.000000,0.000000,0.000000,0.000000,0.000000,0.000000,0.000000,0.000000,0.029433,0.018665,0.000000,0.000000,0.000000,0.000000,0.000000,0.000000,0.000000,0.000000,0.050969,0.026561,0.000000,0.000000,0.000000,0.000000,0.000000,0.000000,0.000000,0.000000,0.067480,0.032304,0.000000,0.000000,0.000000,0.000000,0.000000,0.000000,0.000000,0.000000,0.098349,0.043790,0.000000,0.000000,0.000000,0.000000,0.000000,0.000000,0.000000,0.000000,0.117732,0.047380,0.000000,0.000000,0.000000,0.000000,0.000000,0.000000,0.000000,0.000000,0.132089,0.061019,0.000000,0.000000,0.000000,0.000000,0.000000,0.000000,0.000000,0.000000,0.150036,0.073941,0.000000,0.000000,0.000000,0.000000,0.000000,0.000000,0.000000,0.000000,0.000000,0.000000,0.003589,0.000000,0.000000,0.000000,0.000000,0.000000,0.000000,0.000000,0.000000,0.000000,0.016511,0.000000,0.000000,0.000000,0.000000,0.000000,0.000000,0.000000,0.000000,0.000000,0.030151,0.000000,0.000000,0.000000,0.000000,0.000000,0.000000,0.000000,0.000000,0.000000,0.048098,0.000000,0.000000,0.000000,0.000000,0.000000,0.000000,0.000000,0.000000,0.000000,0.077531,0.000000,0.000000,0.000000,0.000000,0.000000,0.000000,0.000000,0.000000,0.000000,0.099785,0.000000,0.000000,0.000000,0.000000,0.000000,0.000000,0.000000,0.000000,0.000000,0.142139,0.000000,0.000000,0.000000,0.000000,0.000000,0.000000,0.000000,0.000000,0.000000,0.165111,0.000000,0.000000,0.000000,0.000000,0.000000,0.000000,0.000000,0.000000,0.000000,0.193108,0.000000,0.000000,0.000000,0.000000,0.000000,0.000000,0.000000,0.000000,0.000000,0.223977,0.000000,0.000000,0.000000,0.000000
propane,0.000000,0.000797,0.002390,0.000000,0.000000,0.000000,0.000000,0.000000,0.000000,0.000000,0.000000,0.003187,0.007968,0.000000,0.000000,0.000000,0.000000,0.000000,0.000000,0.000000,0.000000,0.005578,0.019920,0.000000,0.000000,0.000000,0.000000,0.000000,0.000000,0.000000,0.000000,0.010359,0.032669,0.000000,0.000000,0.000000,0.000000,0.000000,0.000000,0.000000,0.000000,0.015139,0.054183,0.000000,0.000000,0.000000,0.000000,0.000000,0.000000,0.000000,0.000000,0.017530,0.078884,0.000000,0.000000,0.000000,0.000000,0.000000,0.000000,0.000000,0.000000,0.027092,0.102789,0.000000,0.000000,0.000000,0.000000,0.000000,0.000000,0.000000,0.000000,0.032669,0.135458,0.000000,0.000000,0.000000,0.000000,0.000000,0.000000,0.000000,0.000000,0.041434,0.164940,0.000000,0.000000,0.000000,0.000000,0.000000,0.000000,0.000000,0.000000,0.049402,0.197610,0.000000,0.000000,0.000000,0.000000,0.000000,0.000000,0.000000,0.000000,0.000000,0.000000,0.002390,0.000797,0.000000,0.000000,0.000000,0.000000,0.000000,0.000000,0.000000,0.000000,0.007968,0.003187,0.000000,0.000000,0.000000,0.000000,0.000000,0.000000,0.000000,0.000000,0.019920,0.005578,0.000000,0.000000,0.000000,0.000000,0.000000,0.000000,0.000000,0.000000,0.032669,0.010359,0.000000,0.000000,0.000000,0.000000,0.000000,0.000000,0.000000,0.000000,0.054183,0.015139,0.000000,0.000000,0.000000,0.000000,0.000000,0.000000,0.000000,0.000000,0.078884,0.017530,0.000000,0.000000,0.000000,0.000000,0.000000,0.000000,0.000000,0.000000,0.102789,0.027092,0.000000,0.000000,0.000000,0.000000,0.000000,0.000000,0.000000,0.000000,0.135458,0.032669,0.000000,0.000000,0.000000,0.000000,0.000000,0.000000,0.000000,0.000000,0.164940,0.041434,0.000000,0.000000,0.000000,0.000000,0.000000,0.000000,0.000000,0.000000,0.197610,0.049402,0.000000,0.000000,0.000000,0.000000,0.000000,0.000000,0.000000,0.000000,0.000000,0.000000,0.003187,0.000000,0.000000,0.000000,0.000000,0.000000,0.000000,0.000000,0.000000,0.000000,0.011155,0.000000,0.000000,0.000000,0.000000,0.000000,0.000000,0.000000,0.000000,0.000000,0.025498,0.000000,0.000000,0.000000,0.000000,0.000000,0.000000,0.000000,0.000000,0.000000,0.043028,0.000000,0.000000,0.000000,0.000000,0.000000,0.000000,0.000000,0.000000,0.000000,0.069323,0.000000,0.000000,0.000000,0.000000,0.000000,0.000000,0.000000,0.000000,0.000000,0.096414,0.000000,0.000000,0.000000,0.000000,0.000000,0.000000,0.000000,0.000000,0.000000,0.129880,0.000000,0.000000,0.000000,0.000000,0.000000,0.000000,0.000000,0.000000,0.000000,0.168127,0.000000,0.000000,0.000000,0.000000,0.000000,0.000000,0.000000,0.000000,0.000000,0.206375,0.000000,0.000000,0.000000,0.000000,0.000000,0.000000,0.000000,0.000000,0.000000,0.247012,0.000000,0.000000,0.000000,0.000000
so2,0.000000,0.001606,0.000000,0.000000,0.000803,0.000000,0.000000,0.000000,0.000000,0.000000,0.000000,0.008835,0.000000,0.000000,0.003213,0.000000,0.000000,0.000000,0.000000,0.000000,0.000000,0.020080,0.000000,0.000000,0.004819,0.000000,0.000000,0.000000,0.000000,0.000000,0.000000,0.032129,0.000000,0.000000,0.008835,0.000000,0.000000,0.000000,0.000000,0.000000,0.000000,0.053815,0.000000,0.000000,0.014458,0.000000,0.000000,0.000000,0.000000,0.000000,0.000000,0.079518,0.000000,0.000000,0.018474,0.000000,0.000000,0.000000,0.000000,0.000000,0.000000,0.106024,0.000000,0.000000,0.024096,0.000000,0.000000,0.000000,0.000000,0.000000,0.000000,0.134940,0.000000,0.000000,0.032129,0.000000,0.000000,0.000000,0.000000,0.000000,0.000000,0.170281,0.000000,0.000000,0.038554,0.000000,0.000000,0.000000,0.000000,0.000000,0.000000,0.200000,0.000000,0.000000,0.047390,0.000000,0.000000,0.000000,0.000000,0.000000,0.000000,0.001606,0.000000,0.000803,0.000000,0.000000,0.000000,0.000000,0.000000,0.000000,0.000000,0.008835,0.000000,0.003213,0.000000,0.000000,0.000000,0.000000,0.000000,0.000000,0.000000,0.020080,0.000000,0.004819,0.000000,0.000000,0.000000,0.000000,0.000000,0.000000,0.000000,0.032129,0.000000,0.008835,0.000000,0.000000,0.000000,0.000000,0.000000,0.000000,0.000000,0.053815,0.000000,0.014458,0.000000,0.000000,0.000000,0.000000,0.000000,0.000000,0.000000,0.079518,0.000000,0.018474,0.000000,0.000000,0.000000,0.000000,0.000000,0.000000,0.000000,0.106024,0.000000,0.024096,0.000000,0.000000,0.000000,0.000000,0.000000,0.000000,0.000000,0.134940,0.000000,0.032129,0.000000,0.000000,0.000000,0.000000,0.000000,0.000000,0.000000,0.170281,0.000000,0.038554,0.000000,0.000000,0.000000,0.000000,0.000000,0.000000,0.000000,0.200000,0.000000,0.047390,0.000000,0.000000,0.000000,0.000000,0.000000,0.000000,0.000000,0.000000,0.000000,0.002342,0.000000,0.000000,0.000000,0.000000,0.000000,0.000781,0.000000,0.000000,0.000000,0.010929,0.000000,0.000000,0.000000,0.000000,0.000000,0.000781,0.000000,0.000000,0.000000,0.028103,0.000000,0.000000,0.000000,0.000000,0.000000,0.000781,0.000000,0.000000,0.000000,0.040593,0.000000,0.000000,0.000000,0.000000,0.000000,0.000781,0.000000,0.000000,0.000000,0.068696,0.000000,0.000000,0.000000,0.000000,0.000000,0.000781,0.000000,0.000000,0.000000,0.095238,0.000000,0.000000,0.000000,0.000000,0.000000,0.000781,0.000000,0.000000,0.000000,0.131928,0.000000,0.000000,0.000000,0.000000,0.000000,0.000781,0.000000,0.000000,0.000000,0.168618,0.000000,0.000000,0.000000,0.000000,0.000000,0.000781,0.000000,0.000000,0.000000,0.203747,0.000000,0.000000,0.000000,0.000000,0.000000,0.000781,0.000000,0.000000,0.000000,0.241998,0.000000,0.000000,0.000000,0.000000,0.000000,0.000781
xenon,0.000000,0.000000,0.000000,0.000000,0.000000,0.000000,0.001894,0.000000,0.000000,0.000000,0.000000,0.000000,0.000000,0.000000,0.000000,0.000000,0.005682,0.000000,0.000000,0.000000,0.000000,0.000000,0.000000,0.000000,0.000000,0.000000,0.024621,0.000000,0.000000,0.000000,0.000000,0.000000,0.000000,0.000000,0.000000,0.000000,0.034091,0.000000,0.000000,0.000000,0.000000,0.000000,0.000000,0.000000,0.000000,0.000000,0.064394,0.000000,0.000000,0.000000,0.000000,0.000000,0.000000,0.000000,0.000000,0.000000,0.085227,0.000000,0.000000,0.000000,0.000000,0.000000,0.000000,0.000000,0.000000,0.000000,0.132576,0.000000,0.000000,0.000000,0.000000,0.000000,0.000000,0.000000,0.000000,0.000000,0.166667,0.000000,0.000000,0.000000,0.000000,0.000000,0.000000,0.000000,0.000000,0.000000,0.221591,0.000000,0.000000,0.000000,0.000000,0.000000,0.000000,0.000000,0.000000,0.000000,0.263258,0.000000,0.000000,0.000000,0.000000,0.000000,0.000000,0.000000,0.001894,0.000000,0.000000,0.000000,0.000000,0.000000,0.000000,0.000000,0.000000,0.000000,0.005682,0.000000,0.000000,0.000000,0.000000,0.000000,0.000000,0.000000,0.000000,0.000000,0.024621,0.000000,0.000000,0.000000,0.000000,0.000000,0.000000,0.000000,0.000000,0.000000,0.034091,0.000000,0.000000,0.000000,0.000000,0.000000,0.000000,0.000000,0.000000,0.000000,0.064394,0.000000,0.000000,0.000000,0.000000,0.000000,0.000000,0.000000,0.000000,0.000000,0.085227,0.000000,0.000000,0.000000,0.000000,0.000000,0.000000,0.000000,0.000000,0.000000,0.132576,0.000000,0.000000,0.000000,0.000000,0.000000,0.000000,0.000000,0.000000,0.000000,0.166667,0.000000,0.000000,0.000000,0.000000,0.000000,0.000000,0.000000,0.000000,0.000000,0.221591,0.000000,0.000000,0.000000,0.000000,0.000000,0.000000,0.000000,0.000000,0.000000,0.263258,0.000000,0.000000,0.000000,0.000000,0.000000,0.000000,0.000000,0.000000,0.000000,0.000000,0.001894,0.000000,0.000000,0.000000,0.000000,0.000000,0.000000,0.000000,0.000000,0.000000,0.005682,0.000000,0.000000,0.000000,0.000000,0.000000,0.000000,0.000000,0.000000,0.000000,0.024621,0.000000,0.000000,0.000000,0.000000,0.000000,0.000000,0.000000,0.000000,0.000000,0.034091,0.000000,0.000000,0.000000,0.000000,0.000000,0.000000,0.000000,0.000000,0.000000,0.064394,0.000000,0.000000,0.000000,0.000000,0.000000,0.000000,0.000000,0.000000,0.000000,0.085227,0.000000,0.000000,0.000000,0.000000,0.000000,0.000000,0.000000,0.000000,0.000000,0.132576,0.000000,0.000000,0.000000,0.000000,0.000000,0.000000,0.000000,0.000000,0.000000,0.166667,0.000000,0.000000,0.000000,0.000000,0.000000,0.000000,0.000000,0.000000,0.000000,0.221591,0.000000,0.000000,0.000000,0.000000,0.000000,0.000000,0.000000,0.000000,0.000000,0.263258,0.000000,0.000000,0.000000,0.000000
