id,epsi_eff_K,a_A,elo,fla,c_A,mu_D,Q,fle
argon,119.800000,3.340000,1.000000,1.000000,3.340000,0.000000,###,###
benzene,336.900000,7.304001,1.099730,1.844606,3.600568,0.000544,###,###
butane,288.000000,7.704690,1.551972,1.256823,3.950000,0.000000,###,###
co,80.700000,4.429000,1.258239,1.000000,3.520000,0.207763,###,###
co2,185.000000,5.370000,1.760656,1.000000,3.050000,0.000000,###,###
dmf,378.410000,7.262986,1.175366,1.420590,4.349839,3.360550,###,###
ethane,196.000000,5.290000,1.410667,1.000000,3.750000,0.000000,###,###
ethanol,237.000000,6.372217,1.360846,1.185453,3.950000,2.220559,###,###
h2,36.700000,3.311133,1.119382,1.000000,2.958000,0.000000,###,###
h2s,222.000000,4.451518,1.121320,1.102748,3.600000,1.270558,###,###
helium,10.900000,2.640000,1.000000,1.000000,2.640000,0.000000,###,###
heptane,426.000000,11.499316,2.401322,1.212340,3.950000,0.000000,###,###
krypton,162.580000,3.627400,1.000000,1.000000,3.627400,0.000000,###,###
methane,148.000000,3.730000,1.000000,1.000000,3.730000,0.000000,###,###
methanol,191.000000,4.936240,1.245858,1.056566,3.750000,2.220559,###,###
n2,72.000000,4.410000,1.332326,1.000000,3.310000,0.000000,###,###
nh3,185.000000,4.200341,1.054814,1.164347,3.420000,1.796495,###,###
octane,472.000000,12.814170,2.558759,1.267839,3.950000,0.000000,###,###
pentane,334.000000,8.916210,1.861910,1.212341,3.950000,0.000000,###,###
propane,242.000000,6.333106,1.350704,1.187024,3.950000,0.000000,###,###
so2,253.300000,5.516994,1.371838,1.132847,3.550000,1.648780,###,###
xenon,226.140000,3.949000,1.000000,1.000000,3.949000,0.000000,###,###
